condition,condition_subtype,group
1-57,class 3,D1
15033,class 1,NA
2-15,class 2,C
2H2,class 1,NA
3C1,class 4,NA
7D6,NA,C
ADG-2,class 4,F3
B38,class 1,A
BD-196,NA,C
BD-218,NA,A
BD-236,class 1,A
BD-254,class 2,C
BD-255,NA,B
BD-319,class 1,B
BD-320,NA,F2
BD-362,class 2,C
BD-368,class 2,C
BD-369,class 1,A
BD-380,NA,E2.2
BD-395,NA,A
BD-397,class 2,C
BD-403,class 2,C
BD-417,class 1,B
BD-418,NA,A
BD-421,NA,E2.2
BD-449,class 4,F3
BD-467,class 3,D2
BD-494,class 4,A
BD-498,class 1,A
BD-500,class 1,A
BD-503,class 1,A
BD-504,class 1,A
BD-505,NA,A
BD-507,NA,A
BD-508,class 1,A
BD-515,NA,A
BD-536,class 2,C
BD-566,class 1,B
BD-598,class 1,A
BD-599,class 1,A
BD-605,class 1,A
BD-612,class 1,A
BD-613,NA,A
BD-614,class 1,A
BD-616,class 1,A
BD-618,class 1,A
BD-619,class 1,A
BD-623,class 1,B
BD-628,NA,A
BD-629,NA,A
BD-643,class 3,D1
BD-667,NA,E1
BD-670,NA,C
BD-692,class 3,E2.2
BD-693,class 1,A
BD-694,class 1,A
BD-695,NA,E2.2
BD-702,class 4,F2
BD-708,class 4,F1
BD-713,class 3,E2.1
BD-715,class 1,A
BD-725,NA,A
BD-732,NA,A
BD-739,class 1,A
BD-743,NA,E3
BD-744,class 3,E2.1
BD-748,class 3,E2.2
BD-751,NA,F1
BD-755,NA,E2.2
BD-756,NA,E2.2
BD-758,NA,E2.1
BD-767,NA,B
BD-771,NA,B
BD-778,NA,E3
BD-790,class 2,C
BD-791,class 2,C
BD-796,class 3,E2.2
BD-801,class 4,F2
BD-804,class 3,D1
BD-805,class 1,B
BD-807,NA,B
BD-809,NA,E3
BD-812,class 3,D2
BD-813,NA,A
BD-815,class 3,E3
BD-817,class 3,D2
BD-818,NA,E2.2
BD-819,NA,E2.2
BD-821,NA,D2
BD-822,class 1,A
BD-824,class 3,D1
BD-826,NA,E2.1
BD-827,NA,D1
BD-828,NA,F1
BD-833,class 1,B
BD-835,NA,C
BD-836,class 1,B
BD-837,NA,B
BD-843,NA,F1
BD-846,NA,E2.2
BD-849,NA,E2.2
BD-863,NA,E3
BD-864,class 3,D1
BD-870,class 2,C
BD-897,NA,C
BD-898,NA,B
BD-899,class 4,F2
BD-900,class 2,C
BD-901,NA,E2.2
BD-904,NA,E1
BD-906,NA,C
BD-907,class 3,E1
BD-912,NA,B
BD-913,class 3,E2.2
BD-914,class 3,E2.1
BD-915,class 1,A
BD-916,NA,F2
BD-917,NA,F2
BD-918,class 3,D1
BD-922,class 1,B
BD-923,class 3,E2.1
BD-930,class 1,NA
BD-932,class 3,NA
BD30-196,class 2,NA
BD30-218,class 1,NA
BD30-236,class 1,NA
BD30-254,class 2,NA
BD30-255,class 1,NA
BD30-319,class 1,NA
BD30-320,class 4,NA
BD30-362,class 2,NA
BD30-368,class 2,NA
BD30-369,class 1,NA
BD30-380,class 3,NA
BD30-395,class 1,NA
BD30-397,class 2,NA
BD30-403,class 2,NA
BD30-417,class 1,NA
BD30-418,class 1,NA
BD30-421,class 3,NA
BD30-449,class 4,NA
BD30-467,class 3,NA
BD30-494,class 1,NA
BD30-498,class 1,NA
BD30-500,class 1,NA
BD30-503,class 1,NA
BD30-504,class 1,NA
BD30-505,class 1,NA
BD30-507,class 1,NA
BD30-508,class 1,NA
BD30-515,class 1,NA
BD30-536,class 2,NA
BD30-566,class 1,NA
BD30-593,class 2,NA
BD30-598,class 1,NA
BD30-599,class 1,NA
BD30-604,class 1,NA
BD30-605,class 1,NA
BD30-612,class 1,NA
BD30-613,class 1,NA
BD30-614,class 1,NA
BD30-616,class 1,NA
BD30-618,class 1,NA
BD30-619,class 1,NA
BD30-623,class 1,NA
BD30-628,class 1,NA
BD30-629,class 1,NA
BD55-1004,class 4,F1
BD55-1009,class 3,D1
BD55-1027,class 3,E3
BD55-1028,NA,F1
BD55-1029,class 3,E2.1
BD55-1034,NA,E3
BD55-1035,NA,C
BD55-1036,NA,D2
BD55-1038,class 4,F1
BD55-1039,class 3,D1
BD55-1041,class 3,E3
BD55-1049,class 2,C
BD55-1051,class 2,C
BD55-1061,class 1,A
BD55-1064,class 4,F1
BD55-1065,class 2,C
BD55-1066,NA,F1
BD55-1070,class 4,F1
BD55-1073,class 3,E2.1
BD55-1075,class 4,F2
BD55-1078,class 2,C
BD55-1084,class 2,C
BD55-1087,NA,E3
BD55-109,class 1,NA
BD55-1091,class 3,E1
BD55-1092,class 1,A
BD55-1093,NA,F1
BD55-1096,class 4,F2
BD55-1104,class 3,D2
BD55-1109,class 3,D2
BD55-1114,class 3,E1
BD55-1117,class 4,F2
BD55-1128,class 4,F1
BD55-1129,class 4,F2
BD55-113,class 3,NA
BD55-1132,class 4,F1
BD55-1136,class 3,D2
BD55-114,class 3,NA
BD55-1140,class 3,E3
BD55-1141,NA,E3
BD55-1144,NA,E3
BD55-1145,NA,E3
BD55-1146,class 3,E3
BD55-1162,NA,E3
BD55-1171,class 2,C
BD55-1177,NA,C
BD55-1179,NA,E2.2
BD55-118,class 3,NA
BD55-1180,class 1,B
BD55-1192,class 2,C
BD55-1199,class 3,E3
BD55-1201,NA,E2.1
BD55-1205,NA,A
BD55-1208,class 1,A
BD55-121,class 4,NA
BD55-1211,NA,F1
BD55-1214,NA,E3
BD55-1223,class 2,C
BD55-1225,class 4,F2
BD55-1226,class 4,F1
BD55-1232,class 3,E1
BD55-1233,class 4,F2
BD55-1237,class 4,F2
BD55-1239,class 4,F2
BD55-1241,class 3,E3
BD55-1242,class 4,F1
BD55-1244,class 4,F1
BD55-1245,class 3,E1
BD55-1249,class 1,A
BD55-125,class 3,NA
BD55-1251,class 3,E2.2
BD55-1256,class 2,C
BD55-1257,NA,F1
BD55-126,class 3,NA
BD55-1263,class 1,B
BD55-1266,class 3,E2.2
BD55-1268,class 3,D1
BD55-1270,NA,F1
BD55-1273,class 4,F2
BD55-1274,class 3/class 2,E2.1
BD55-1275,class 3,E2.2
BD55-1278,NA,E3
BD55-128,class 3,NA
BD55-1284,NA,E2.2
BD55-1294,class 3,E1
BD55-1297,class 4,F1
BD55-13,class 3,NA
BD55-1307,class 3,E2.2
BD55-1312,class 3,E2.1
BD55-1315,class 1,A
BD55-1323,class 2,C
BD55-1332,NA,E3
BD55-1334,class 1,B
BD55-1338,class 4,F1
BD55-1339,class 3,E1
BD55-1341,class 4,F1
BD55-1343,class 4,F2
BD55-1345,NA,F1
BD55-1346,class 1,A
BD55-1354,class 3,D1
BD55-137,class 1,NA
BD55-1374,class 1,A
BD55-1376,NA,E2.2
BD55-1381,NA,F1
BD55-1391,NA,E3
BD55-1396,NA,E3
BD55-1398,class 4,F1
BD55-1403,class 3,E1
BD55-1404,class 1,NA
BD55-1405,class 3,E3
BD55-141,class 1,NA
BD55-1411,class 4,F2
BD55-1412,class 4,F2
BD55-1416,class 4,F1
BD55-1421,class 1,B
BD55-1429,class 4,F1
BD55-1432,class 3,E2.1
BD55-1435,class 2,C
BD55-1442,class 3,E2.2
BD55-1445,NA,E3
BD55-1450,class 4,F3
BD55-1451,class 1,A
BD55-1453,class 3,E3
BD55-1456,class 1,A
BD55-1458,class 3,E3
BD55-1464,NA,F1
BD55-1472,class 3,E2.2
BD55-1486,class 3,E3
BD55-1499,NA,F1
BD55-1502,class 1,A
BD55-1503,class 1,A
BD55-1507,NA,F1
BD55-1508,class 1,B
BD55-1558,class 2,C
BD55-1570,class 3,E3
BD55-1575,class 1,A
BD55-1576,class 2,C
BD55-1579,class 2,C
BD55-160,class 2,NA
BD55-1604,NA,E3
BD55-161,class 2,NA
BD55-1638,class 3,NA
BD55-166,class 3,NA
BD55-1694,class 2,C
BD55-1706,class 3,D1
BD55-171,class 4,NA
BD55-1723,NA,E2.2
BD55-174,class 3,NA
BD55-175,class 1,NA
BD55-1763,class 1,A
BD55-177,class 1,NA
BD55-1779,class 3,D1
BD55-1789,class 4/class 1,F3
BD55-179,class 3,NA
BD55-1809,class 1,A
BD55-1811,class 3,E3
BD55-182,class 3,NA
BD55-183,class 1,NA
BD55-1831,class 3,E2.2
BD55-185,class 3,NA
BD55-1868,class 4,F2
BD55-187,class 3,NA
BD55-188,class 3,NA
BD55-189,class 3,NA
BD55-192,class 1,NA
BD55-194,class 3,NA
BD55-1957,class 3,E2.2
BD55-196,class 3,NA
BD55-1962,class 3/class 2,D1
BD55-197,class 3,NA
BD55-1970,class 1,A
BD55-199,NA,E3
BD55-203,class 1,NA
BD55-205,class 2,NA
BD55-206,class 1,NA
BD55-207,class 1,NA
BD55-2101,NA,F1
BD55-213,class 4,NA
BD55-216,class 3,NA
BD55-2314,class 3,E3
BD55-234,class 3,NA
BD55-240,class 2,NA
BD55-2413,class 4,F1
BD55-2532,class 3,E1
BD55-267,class 2,NA
BD55-268,class 1,NA
BD55-269,class 4,NA
BD55-2696,class 4,F2
BD55-270,class 2,NA
BD55-271,class 3,NA
BD55-272,class 4,NA
BD55-274,class 3,NA
BD55-276,class 2,NA
BD55-277,class 3,NA
BD55-282,class 1,NA
BD55-283,class 3,NA
BD55-284,class 3,NA
BD55-285,class 1,NA
BD55-286,class 4,NA
BD55-287,class 4,NA
BD55-288,class 3,NA
BD55-292,class 1,NA
BD55-293,class 3,NA
BD55-300,class 1,A
BD55-302,class 3,E2.1
BD55-311,class 3,E2.1
BD55-3149,class 3,E1
BD55-3150,class 3,E3
BD55-3151,NA,F1
BD55-3152,class 3,E1
BD55-316,class 4,F2
BD55-3161,class 4,F1
BD55-319,NA,F2
BD55-3293,class 4,F1
BD55-3300,class 3,E2.2
BD55-3304,class 4,F2
BD55-3324,class 4,F1
BD55-3327,class 3,E3
BD55-3337,class 3,E3
BD55-3366,class 4,F1
BD55-3367,NA,F1
BD55-3370,class 3,E2.2
BD55-3372,class 4,F3
BD55-3414,class 4,F3
BD55-3417,class 3,E3
BD55-3433,class 3,E1
BD55-3440,class 3,E1
BD55-3451,class 3,E1
BD55-3457,class 3,E1
BD55-347,class 4,F2
BD55-3484,class 3,E2.2
BD55-3485,NA,F1
BD55-3500,class 4,F2
BD55-3525,class 3,E2.2
BD55-3546,class 3,E1
BD55-3549,NA,F1
BD55-3561,class 3,E3
BD55-3597,class 3,E3
BD55-3602,class 4,F1
BD55-3611,class 3,E3
BD55-3637,class 3,E1
BD55-3670,class 4,F2
BD55-3684,class 4,F1
BD55-3698,class 3,E2.2
BD55-37,class 3,NA
BD55-3716,class 4,F2
BD55-3721,class 4,F2
BD55-3741,class 4,F1
BD55-3773,class 3,E3
BD55-3807,class 3,E3
BD55-3832,class 3,E3
BD55-387,class 3,D2
BD55-389,class 4,F2
BD55-40,class 2,NA
BD55-4281,class 3,E1
BD55-4285,class 3,E1
BD55-4286,class 4,F1
BD55-4325,class 3,E1
BD55-4328,class 4,F1
BD55-4329,class 4,F1
BD55-4342,class 4,F1
BD55-4343,class 4,F2
BD55-4344,class 4,F2
BD55-4345,class 4,F2
BD55-4348,class 4,F2
BD55-4351,class 2,C
BD55-4356,class 4,F2
BD55-4357,class 4,F2
BD55-4358,class 4,F2
BD55-4359,NA,F1
BD55-4360,class 4,F1
BD55-4364,class 4,F1
BD55-4382,class 2,C
BD55-4392,class 4,F1
BD55-4394,class 4,F1
BD55-4397,class 2,C
BD55-44,NA,E1
BD55-4418,class 4,F1
BD55-4464,class 4,F1
BD55-4467,class 3,E2.2
BD55-4483,class 4,F2
BD55-4484,class 3,E1
BD55-4495,class 3,E1
BD55-4637,class 4,F3
BD55-4662,class 1,B
BD55-4664,class 3,E1
BD55-4707,NA,F2
BD55-4760,class 4,F2
BD55-4804,class 3,E3
BD55-4892,class 3,E1
BD55-5001,class 3,E1
BD55-5163,class 4,F3
BD55-5164,class 4,F2
BD55-5166,NA,F2
BD55-5167,class 4,F2
BD55-5168,class 4,F3
BD55-5170,class 4,F2
BD55-5171,class 3,E1
BD55-5175,class 3,E1
BD55-5176,NA,F1
BD55-5182,class 4,F2
BD55-5183,class 1,B
BD55-5189,class 4,F2
BD55-5195,class 3,E1
BD55-5196,class 4,F3
BD55-5198,class 4,F3
BD55-5200,class 3,E1
BD55-5201,class 4,F2
BD55-5205,NA,F1
BD55-5212,class 3,E3
BD55-5215,class 4,F1
BD55-5219,class 3,E1
BD55-5223,class 4,F2
BD55-5226,class 4,F2
BD55-5228,class 3,E1
BD55-5233,class 4,F3
BD55-5234,NA,F1
BD55-5236,class 4,F2
BD55-5238,class 4,F2
BD55-5239,class 4,F2
BD55-5242,class 4,F2
BD55-5245,class 4,F2
BD55-5248,class 4,F1
BD55-5250,class 4,F1
BD55-5251,class 3,E3
BD55-5256,class 4,F2
BD55-5259,class 4,F3
BD55-5263,class 3,E3
BD55-5264,class 4,F2
BD55-5265,class 4,F2
BD55-5267,class 4,F2
BD55-5268,class 3,E3
BD55-5271,class 4,F1
BD55-5276,class 4,F2
BD55-5284,class 4,F1
BD55-5286,class 3,E1
BD55-5293,class 3/class 1,E3
BD55-5296,class 4,F2
BD55-5300,class 4,F3
BD55-5301,class 4,F2
BD55-5303,class 3,E1
BD55-5304,class 4,F2
BD55-5305,class 4,F3
BD55-5309,class 4,F2
BD55-5311,class 4,F1
BD55-5313,class 3,NA
BD55-5319,class 3,E1
BD55-5320,class 3,E2.2
BD55-5323,class 4,F3
BD55-5324,class 1,B
BD55-5325,class 4,F3
BD55-5326,class 4,F1
BD55-5327,NA,F2
BD55-5333,class 4,F2
BD55-5339,class 4,F2
BD55-5342,class 4,F3
BD55-5343,class 4,F2
BD55-5346,NA,F1
BD55-5354,class 4,F3
BD55-5358,class 4,F1
BD55-5359,class 4,F1
BD55-5361,class 4,F1
BD55-5365,class 4,F3
BD55-5379,class 3,E3
BD55-5380,class 4,F2
BD55-5382,class 3,E1
BD55-5384,class 4,F2
BD55-5386,class 3,E1
BD55-5387,class 4,F2
BD55-5389,NA,F1
BD55-5395,NA,F1
BD55-5396,class 4,F3
BD55-5397,class 4,F2
BD55-5399,class 1,B
BD55-5400,class 4,F1
BD55-5402,NA,F1
BD55-5404,class 4,F1
BD55-5406,NA,F1
BD55-5408,class 4,F3
BD55-5411,class 4,F2
BD55-5413,class 3,E2.2
BD55-5415,class 3,E3
BD55-5416,class 4,F2
BD55-5417,class 4,F1
BD55-5418,class 3,E3
BD55-5419,class 4,F2
BD55-5425,class 4,F1
BD55-5427,class 4,F2
BD55-5431,class 4,F2
BD55-5432,class 4,F2
BD55-5435,NA,F1
BD55-5438,class 4,F2
BD55-5442,class 4,F1
BD55-5448,class 4,F3
BD55-5449,class 3,E1
BD55-5450,class 4,F2
BD55-5453,class 4,F1
BD55-5454,class 4,F1
BD55-5456,class 4,F1
BD55-5457,NA,F1
BD55-5459,class 4,F3
BD55-5462,class 3,D1
BD55-5463,class 1,B
BD55-5466,class 4,F3
BD55-5467,class 4,F2
BD55-5468,class 4,F3
BD55-547,class 4,F2
BD55-5470,class 3,E3
BD55-5471,class 4,F1
BD55-5472,class 4,F3
BD55-5473,class 3,E1
BD55-5474,class 4,F2
BD55-5476,class 4,F1
BD55-5477,class 3,E1
BD55-5483,class 4,F3
BD55-5484,class 3,E1
BD55-5485,class 3,E3
BD55-5486,class 4,F2
BD55-5493,class 4,F2
BD55-5495,class 4,F1
BD55-5497,class 4,NA
BD55-5501,class 3,E1
BD55-5502,class 4,F1
BD55-5505,class 4,F2
BD55-5512,class 4,F2
BD55-5514,class 4,F3
BD55-5516,class 4,F2
BD55-5517,class 4,F2
BD55-5519,NA,F1
BD55-5521,class 4,F2
BD55-5524,class 3,E2.2
BD55-5526,class 4,F3
BD55-5530,class 1,B
BD55-5537,class 4,F2
BD55-5540,NA,E2.2
BD55-5542,class 3,E1
BD55-5543,class 4,F3
BD55-5545,class 3,E3
BD55-5549,class 3,E1
BD55-5550,NA,F1
BD55-5551,class 3,E3
BD55-5555,NA,F1
BD55-5557,class 4,F1
BD55-5558,class 4,F3
BD55-556,class 1,B
BD55-5564,class 4,F2
BD55-5565,class 3,E1
BD55-5566,class 3,D1
BD55-5568,class 4,F1
BD55-5569,class 3,E3
BD55-557,NA,F1
BD55-5575,class 4,F1
BD55-5577,class 4,F1
BD55-5579,class 4,F1
BD55-5580,class 1,A
BD55-5581,NA,E3
BD55-5583,class 3,E3
BD55-5585,class 3,E1
BD55-5588,class 4,F3
BD55-5589,NA,E3
BD55-5591,class 3,E1
BD55-5593,class 4,F3
BD55-5594,class 4,F2
BD55-5598,class 3,E2.2
BD55-5599,NA,C
BD55-5609,class 4,F1
BD55-5610,class 4,F2
BD55-5612,class 3,E1
BD55-5615,class 4,F3
BD55-5617,class 3,E2.2
BD55-5620,class 4,F2
BD55-5623,NA,F2
BD55-5625,class 3,E3
BD55-5629,class 4,F3
BD55-5630,class 3,E3
BD55-5631,NA,B
BD55-5634,class 2,C
BD55-5636,class 4,F1
BD55-5638,class 4,F2
BD55-5640,class 4,F2
BD55-5643,class 3,E1
BD55-5644,class 3,E1
BD55-5649,class 4,F3
BD55-5655,class 1,B
BD55-5659,NA,D1
BD55-5662,class 4,F2
BD55-5675,class 4,F2
BD55-5676,class 4,F2
BD55-5687,class 3,E3
BD55-5689,NA,A
BD55-5690,class 4,F2
BD55-5693,NA,A
BD55-5694,class 4,F2
BD55-5697,class 3,E1
BD55-5699,class 4,F2
BD55-5700,class 4,F2
BD55-5713,class 4,F3
BD55-5715,class 4,F3
BD55-5718,class 3,E1
BD55-5721,class 3,D1
BD55-5728,class 3,E1
BD55-5731,class 1,A
BD55-5733,NA,F3
BD55-5736,class 4,F2
BD55-5737,class 4,F2
BD55-5741,NA,E3
BD55-5743,class 1,A
BD55-5745,class 1,B
BD55-5747,class 2,C
BD55-5748,NA,F2
BD55-5752,class 3,E3
BD55-5753,NA,E3
BD55-5761,class 4,F3
BD55-5765,NA,F2
BD55-5770,class 4,F1
BD55-5771,NA,F1
BD55-5774,class 1,B
BD55-5775,NA,D1
BD55-5779,class 3,E1
BD55-5784,class 4,F1
BD55-5785,class 4,F3
BD55-5789,class 3,E2.2
BD55-5790,class 4,F1
BD55-5792,class 4,F2
BD55-5794,class 4,F1
BD55-5806,NA,E3
BD55-5810,class 4,F3
BD55-5811,class 1,B
BD55-5815,class 4,F1
BD55-583,NA,E3
BD55-5830,class 3,E3
BD55-5831,class 4,F2
BD55-5832,class 3,E1
BD55-5836,class 3,D1
BD55-5839,class 4,F2
BD55-5840,class 3,E1
BD55-5844,class 3,E2.2
BD55-5847,NA,F1
BD55-5853,NA,F2
BD55-5854,class 2,C
BD55-5856,class 1,A
BD55-5858,class 3,E3
BD55-5865,NA,F3
BD55-5866,NA,B
BD55-587,NA,F1
BD55-5874,class 4,F2
BD55-5876,NA,E2.2
BD55-5877,NA,E3
BD55-5878,class 4,F2
BD55-5879,class 4,F1
BD55-5880,NA,A
BD55-5882,NA,B
BD55-5884,NA,F1
BD55-5885,NA,F1
BD55-5886,NA,F1
BD55-5887,NA,B
BD55-5889,class 4,F1
BD55-5891,NA,E3
BD55-5892,NA,E2.2
BD55-5895,NA,A
BD55-5896,NA,E2.2
BD55-5897,NA,A
BD55-5898,NA,E3
BD55-5900,class 4,F1
BD55-5901,NA,C
BD55-5902,NA,E3
BD55-5903,NA,B
BD55-5904,NA,D1
BD55-5906,class 4,F3
BD55-5907,NA,E2.2
BD55-5908,NA,C
BD55-5909,class 2,C
BD55-5912,NA,B
BD55-5913,NA,E2.2
BD55-5914,NA,E3
BD55-5916,NA,F1
BD55-5917,NA,B
BD55-5918,NA,C
BD55-5919,NA,F2
BD55-5920,NA,C
BD55-5921,NA,D1
BD55-5923,NA,A
BD55-5924,NA,E2.2
BD55-5925,NA,C
BD55-5927,class 4,F2
BD55-593,NA,E3
BD55-5930,NA,D1
BD55-5931,NA,E3
BD55-5933,NA,F3
BD55-5935,NA,F2
BD55-5936,NA,E3
BD55-5938,NA,E3
BD55-5939,NA,D1
BD55-5940,NA,F3
BD55-5941,NA,C
BD55-5942,NA,F1
BD55-5943,NA,C
BD55-5945,NA,F2
BD55-5946,NA,D1
BD55-5948,NA,C
BD55-5950,NA,A
BD55-5952,NA,E3
BD55-5953,NA,F1
BD55-5955,NA,B
BD55-5956,NA,E3
BD55-5957,NA,B
BD55-5959,NA,F3
BD55-5961,class 4,F1
BD55-5962,NA,D1
BD55-5965,NA,E2.2
BD55-5966,class 1,A
BD55-5967,NA,C
BD55-5969,NA,E3
BD55-5974,NA,A
BD55-598,NA,E2.2
BD55-5983,NA,E3
BD55-5989,NA,E2.2
BD55-599,NA,E3
BD55-5992,class 3,E3
BD55-5993,NA,F2
BD55-5997,NA,E3
BD55-600,class 1,A
BD55-6009,NA,F1
BD55-6012,NA,F1
BD55-6013,NA,E2.2
BD55-6014,NA,F2
BD55-6015,class 4,F2
BD55-6016,NA,E3
BD55-6017,NA,E2.2
BD55-6018,NA,F1
BD55-6019,NA,F2
BD55-6020,NA,E3
BD55-6022,NA,F1
BD55-6024,NA,F1
BD55-6025,class 4,F3
BD55-6026,NA,E2.2
BD55-6027,NA,F1
BD55-6028,NA,F1
BD55-6029,NA,F1
BD55-603,NA,F1
BD55-6030,class 4,F2
BD55-6032,NA,F1
BD55-6033,class 4,F2
BD55-6034,class 4,F1
BD55-6035,NA,F1
BD55-6036,NA,E3
BD55-6037,class 4,F1
BD55-6038,class 4,F1
BD55-6039,NA,F2
BD55-6040,NA,E2.2
BD55-6041,class 3,E3
BD55-6043,NA,E2.2
BD55-6044,NA,F1
BD55-6049,NA,E3
BD55-6050,NA,E2.2
BD55-6051,NA,F2
BD55-6052,NA,F1
BD55-6053,NA,E2.2
BD55-6054,NA,F2
BD55-6055,class 4,F1
BD55-6059,NA,F1
BD55-606,NA,D1
BD55-6060,NA,F1
BD55-6061,NA,E2.2
BD55-6062,NA,F1
BD55-6063,class 4,F2
BD55-6064,NA,F2
BD55-6066,class 4,F2
BD55-6068,class 4,F2
BD55-6069,class 4,F3
BD55-6071,NA,E3
BD55-6074,NA,F2
BD55-6075,class 4,F1
BD55-6077,NA,F1
BD55-6078,class 3,E2.2
BD55-6079,NA,F1
BD55-6080,class 4,F2
BD55-6081,NA,E3
BD55-6083,NA,F2
BD55-6086,class 4,F2
BD55-6087,NA,F2
BD55-6088,class 4,F2
BD55-6090,NA,F2
BD55-6092,class 4,F2
BD55-6095,class 4,F2
BD55-6096,NA,F3
BD55-6099,NA,F2
BD55-6103,class 4,F2
BD55-6105,class 4,F2
BD55-6106,NA,F3
BD55-6112,class 4,F3
BD55-6130,NA,E3
BD55-6158,NA,E3
BD55-616,NA,E2.2
BD55-6185,NA,E3
BD55-6190,class 4,F2
BD55-6192,NA,E3
BD55-6193,NA,E3
BD55-6194,NA,E3
BD55-6195,class 4,F3
BD55-6197,class 4,F2
BD55-6199,NA,E3
BD55-62,class 3,NA
BD55-6200,NA,E3
BD55-6202,NA,F1
BD55-6203,class 4,F3
BD55-6204,NA,E3
BD55-6205,NA,F1
BD55-6206,class 4,F3
BD55-6207,NA,E3
BD55-6208,class 4,F3
BD55-6209,NA,E3
BD55-6210,NA,E3
BD55-6211,NA,E3
BD55-6213,NA,E3
BD55-6214,NA,E3
BD55-6216,NA,E3
BD55-6218,NA,E2.2
BD55-6221,NA,F1
BD55-6222,class 4,F1
BD55-6223,NA,F1
BD55-6224,NA,F1
BD55-6227,NA,F1
BD55-6229,NA,E3
BD55-6231,class 4,F2
BD55-6232,NA,E3
BD55-6233,NA,E2.2
BD55-6234,class 3,E3
BD55-6236,NA,F1
BD55-6240,NA,F2
BD55-6241,class 3,E1
BD55-6243,class 4,F2
BD55-6246,NA,E3
BD55-6247,NA,F1
BD55-6248,NA,E3
BD55-6250,NA,F1
BD55-6251,class 4,F2
BD55-6252,NA,E2.2
BD55-6253,NA,E3
BD55-6254,NA,E3
BD55-6255,NA,E2.2
BD55-6256,NA,E3
BD55-6258,NA,F1
BD55-6259,NA,F1
BD55-6260,NA,E3
BD55-6261,class 4,F3
BD55-6262,class 4,F2
BD55-6263,class 4,F2
BD55-6264,NA,E2.2
BD55-6266,NA,F1
BD55-6268,NA,F2
BD55-6270,NA,E3
BD55-6271,NA,F1
BD55-6272,NA,E2.2
BD55-6273,NA,E2.2
BD55-6274,NA,F2
BD55-6275,NA,E3
BD55-6276,NA,E3
BD55-6277,NA,F1
BD55-6278,NA,F2
BD55-6279,NA,E3
BD55-6280,NA,E3
BD55-6281,NA,E2.2
BD55-6282,NA,F2
BD55-6283,class 4,F2
BD55-6284,NA,E2.2
BD55-6286,NA,E3
BD55-6287,NA,E3
BD55-6288,NA,E3
BD55-6289,NA,E3
BD55-6290,NA,E3
BD55-6291,NA,E3
BD55-6292,NA,F1
BD55-6293,NA,E3
BD55-6294,NA,E3
BD55-6295,NA,F1
BD55-6296,NA,E3
BD55-6297,NA,F3
BD55-6298,NA,F1
BD55-63,class 1,NA
BD55-6301,NA,F1
BD55-6302,NA,E3
BD55-6303,NA,E2.2
BD55-6304,NA,E3
BD55-6305,class 4,F2
BD55-6306,class 4,F2
BD55-6307,NA,E3
BD55-6308,class 4,F2
BD55-6312,NA,E2.2
BD55-6313,NA,E3
BD55-6314,NA,F2
BD55-6315,NA,E3
BD55-6316,NA,E3
BD55-6317,class 4,F2
BD55-6318,NA,F1
BD55-6319,NA,F1
BD55-632,class 4,F2
BD55-6320,NA,F2
BD55-6323,NA,F1
BD55-6325,NA,E3
BD55-6326,NA,E3
BD55-6327,NA,F1
BD55-6328,NA,E3
BD55-6329,class 4,F3
BD55-6330,NA,E3
BD55-6331,NA,E2.2
BD55-6332,NA,F1
BD55-6333,NA,E3
BD55-6334,NA,F1
BD55-6335,NA,F3
BD55-6336,NA,E3
BD55-6338,NA,F2
BD55-6339,NA,F2
BD55-6340,class 4,F3
BD55-6341,NA,E3
BD55-6342,NA,E3
BD55-6343,NA,E3
BD55-6345,NA,F1
BD55-6346,class 3,E3
BD55-6347,NA,F3
BD55-6348,NA,E3
BD55-6349,NA,E3
BD55-6350,NA,F2
BD55-6351,NA,F1
BD55-6355,NA,E3
BD55-6356,NA,F2
BD55-6361,NA,F2
BD55-6362,NA,F1
BD55-6363,NA,E3
BD55-6365,NA,F1
BD55-6366,NA,F1
BD55-6367,NA,F1
BD55-6368,NA,F1
BD55-6369,NA,F1
BD55-6370,NA,F1
BD55-6372,NA,E3
BD55-6373,NA,F3
BD55-6374,NA,F1
BD55-6375,NA,F2
BD55-6377,NA,F1
BD55-6379,class 4,F2
BD55-6380,NA,F1
BD55-6382,class 1,B
BD55-6383,class 1,B
BD55-6384,NA,E3
BD55-6385,class 3,D1
BD55-6386,NA,C
BD55-6387,NA,B
BD55-6388,NA,B
BD55-6389,NA,C
BD55-6390,NA,B
BD55-6391,NA,E2.2
BD55-6392,class 4,F2
BD55-6393,NA,A
BD55-6396,NA,E2.2
BD55-6398,NA,E2.2
BD55-6399,NA,E2.2
BD55-64,class 1,NA
BD55-6401,NA,E2.2
BD55-6403,NA,E3
BD55-6404,NA,F1
BD55-6405,NA,E2.2
BD55-6406,NA,F2
BD55-6407,NA,E3
BD55-6408,NA,F1
BD55-6409,NA,E2.2
BD55-6410,NA,E3
BD55-6411,class 4,F3
BD55-6412,NA,E2.2
BD55-6413,class 1,A
BD55-6419,NA,F1
BD55-6421,NA,E3
BD55-6423,NA,F2
BD55-6425,NA,E3
BD55-6426,NA,E2.2
BD55-6427,NA,E3
BD55-6428,NA,E3
BD55-6429,NA,F1
BD55-6431,NA,E1
BD55-6432,NA,F2
BD55-6433,NA,E3
BD55-6434,NA,E3
BD55-6438,NA,E2.2
BD55-6441,NA,E3
BD55-6442,NA,F1
BD55-6444,NA,E2.2
BD55-6445,NA,E3
BD55-6446,NA,E3
BD55-6447,class 4,F3
BD55-6448,NA,E3
BD55-6449,NA,E2.2
BD55-645,NA,F1
BD55-6452,NA,E3
BD55-6453,NA,E3
BD55-6454,NA,E3
BD55-6455,NA,F3
BD55-6456,NA,E3
BD55-6457,NA,F1
BD55-6459,NA,F3
BD55-6460,NA,E3
BD55-6461,NA,F2
BD55-6463,NA,E3
BD55-6465,NA,E3
BD55-6466,NA,F3
BD55-6467,NA,F3
BD55-6468,NA,E1
BD55-6469,NA,E3
BD55-6470,NA,E3
BD55-6472,NA,E3
BD55-6473,NA,E2.2
BD55-6474,NA,E3
BD55-6475,NA,E2.2
BD55-6477,class 4,F3
BD55-6478,class 4,F3
BD55-6479,NA,F2
BD55-6480,NA,E2.2
BD55-6481,NA,E3
BD55-6482,NA,E2.2
BD55-6485,NA,E3
BD55-6486,class 4,F2
BD55-6488,NA,F1
BD55-6492,NA,A
BD55-6493,NA,F2
BD55-6494,NA,E2.2
BD55-6495,NA,F1
BD55-6497,NA,E3
BD55-6499,NA,E2.2
BD55-6502,NA,F3
BD55-6503,NA,F1
BD55-6504,NA,E2.2
BD55-6505,NA,E2.2
BD55-6507,class 4,F2
BD55-6509,NA,E3
BD55-6510,class 4,F2
BD55-6511,class 3,E2.2
BD55-6512,NA,E2.2
BD55-6514,NA,F2
BD55-6516,NA,E2.2
BD55-6517,NA,F1
BD55-6518,NA,F1
BD55-6520,class 4,F3
BD55-6523,NA,E3
BD55-6526,NA,F3
BD55-6527,class 4,F3
BD55-6529,NA,E3
BD55-6531,NA,C
BD55-6534,NA,E2.2
BD55-6537,NA,E2.2
BD55-6538,NA,E3
BD55-6539,NA,E3
BD55-6540,NA,E2.2
BD55-6541,NA,F1
BD55-6543,NA,F2
BD55-6544,NA,E3
BD55-6546,NA,E2.2
BD55-6548,NA,E3
BD55-6550,NA,F3
BD55-6551,NA,E3
BD55-6552,class 4,F3
BD55-6553,NA,E3
BD55-6554,NA,E2.2
BD55-6555,NA,F2
BD55-6557,NA,E3
BD55-6558,NA,E3
BD55-6559,NA,F2
BD55-6560,NA,E2.2
BD55-6561,NA,E2.2
BD55-6563,NA,E3
BD55-6564,class 4,F2
BD55-6565,NA,E2.2
BD55-6566,NA,E3
BD55-6567,NA,E3
BD55-6569,NA,E2.2
BD55-6572,NA,E3
BD55-6573,NA,E3
BD55-6574,NA,E3
BD55-6575,NA,F1
BD55-6577,NA,E3
BD55-6578,NA,F1
BD55-6579,NA,F3
BD55-6580,NA,F1
BD55-6581,NA,E2.2
BD55-6583,NA,E3
BD55-6585,class 3,E3
BD55-6586,NA,E2.2
BD55-6588,NA,F2
BD55-6589,NA,E3
BD55-659,class 4,F2
BD55-6591,NA,E3
BD55-6594,NA,E3
BD55-6595,NA,E2.2
BD55-6596,NA,F1
BD55-6597,NA,E3
BD55-6598,NA,E3
BD55-6600,NA,E3
BD55-6601,NA,E2.2
BD55-6602,NA,E3
BD55-6604,NA,E3
BD55-6607,NA,E2.2
BD55-6608,NA,F1
BD55-6610,NA,E3
BD55-6611,NA,F1
BD55-6612,NA,E3
BD55-6613,NA,E2.2
BD55-6614,NA,E2.2
BD55-6615,NA,E3
BD55-6616,NA,E2.2
BD55-6617,NA,E3
BD55-6618,NA,E3
BD55-6619,NA,B
BD55-6622,NA,E2.2
BD55-6623,NA,F2
BD55-6624,NA,E3
BD55-6626,class 4,F3
BD55-6627,NA,E2.2
BD55-6629,NA,F2
BD55-663,NA,E3
BD55-6630,NA,F2
BD55-6632,NA,F1
BD55-6633,NA,E2.2
BD55-6634,NA,E3
BD55-6635,NA,E2.2
BD55-6636,NA,F1
BD55-6637,class 3,E2.2
BD55-6638,class 4,F3
BD55-6639,NA,E3
BD55-6640,NA,E3
BD55-6641,NA,E3
BD55-6642,class 4,F2
BD55-6644,NA,E3
BD55-6645,NA,F1
BD55-6646,NA,F1
BD55-6647,class 4,F2
BD55-6648,NA,F1
BD55-6649,NA,F1
BD55-6650,NA,E3
BD55-6651,class 4,F3
BD55-6652,NA,E3
BD55-6653,NA,F1
BD55-6654,NA,E1
BD55-6657,NA,E3
BD55-6659,NA,E2.2
BD55-6660,NA,E3
BD55-6665,NA,E3
BD55-6666,NA,E3
BD55-6667,NA,E3
BD55-6668,NA,F2
BD55-6669,NA,E2.2
BD55-6670,NA,E3
BD55-6671,NA,A
BD55-6672,NA,E2.2
BD55-6673,NA,E3
BD55-6674,NA,F1
BD55-6677,NA,E1
BD55-6678,NA,F3
BD55-6679,NA,E3
BD55-6682,NA,E3
BD55-6683,NA,E2.2
BD55-6684,NA,E3
BD55-6685,NA,F1
BD55-6686,NA,F1
BD55-6687,NA,F3
BD55-6688,NA,E3
BD55-6689,NA,E1
BD55-6690,NA,E2.2
BD55-6691,NA,F1
BD55-6692,NA,E3
BD55-6693,NA,E3
BD55-6694,NA,E2.2
BD55-6695,NA,F1
BD55-6696,NA,E2.2
BD55-6697,NA,F2
BD55-6698,NA,E2.2
BD55-6699,NA,F2
BD55-6700,NA,E2.2
BD55-6701,NA,F1
BD55-6702,NA,E3
BD55-6703,NA,F1
BD55-6705,NA,E3
BD55-6706,NA,E3
BD55-6707,NA,F1
BD55-6708,NA,F1
BD55-6709,NA,E3
BD55-6710,NA,E3
BD55-6711,NA,E3
BD55-6712,NA,E2.2
BD55-6713,NA,E3
BD55-6714,NA,E1
BD55-6715,NA,E2.2
BD55-6718,NA,E2.2
BD55-6719,NA,E3
BD55-6720,NA,E3
BD55-6721,NA,F1
BD55-6722,NA,F1
BD55-6723,NA,E1
BD55-6724,NA,F1
BD55-6725,NA,E2.2
BD55-6726,NA,E2.2
BD55-6727,NA,F2
BD55-6728,NA,F1
BD55-6729,NA,F1
BD55-6730,NA,E3
BD55-676,class 4,F2
BD55-682,NA,F2
BD55-683,NA,F2
BD55-688,class 4,F2
BD55-696,NA,E3
BD55-711,class 4,F2
BD55-72,class 4,NA
BD55-725,NA,E3
BD55-742,NA,F1
BD55-745,NA,E3
BD55-746,class 4,F1
BD55-747,class 4,F2
BD55-749,class 3,E3
BD55-75,NA,A
BD55-751,class 3,E3
BD55-767,NA,E2.2
BD55-78,class 4,NA
BD55-81,NA,C
BD55-814,NA,F2
BD55-818,NA,E2.2
BD55-822,class 4,F2
BD55-824,NA,C
BD55-828,NA,F1
BD55-829,NA,E2.2
BD55-83,class 3,NA
BD55-833,NA,F3
BD55-837,NA,D1
BD55-839,NA,E3
BD55-842,NA,F1
BD55-846,NA,F1
BD55-847,NA,C
BD55-85,class 1,NA
BD55-852,NA,C
BD55-853,NA,B
BD55-854,NA,B
BD55-856,NA,F3
BD55-859,NA,E2.2
BD55-862,NA,E2.1
BD55-863,NA,E3
BD55-864,NA,D1
BD55-867,NA,E3
BD55-868,NA,E3
BD55-870,NA,E2.2
BD55-871,NA,A
BD55-873,NA,F2
BD55-874,NA,F1
BD55-875,NA,F1
BD55-876,NA,E3
BD55-878,NA,E2.2
BD55-879,NA,F3
BD55-880,NA,E2.1
BD55-885,class 4,F2
BD55-887,NA,E2.2
BD55-888,NA,F1
BD55-892,NA,B
BD55-893,NA,E2.2
BD55-898,NA,F1
BD55-899,NA,E2.2
BD55-902,NA,E3
BD55-903,NA,A
BD55-905,NA,F1
BD55-906,NA,A
BD55-910,NA,A
BD55-911,NA,E3
BD55-913,NA,A
BD55-914,NA,F1
BD55-917,NA,C
BD55-918,NA,E2.2
BD55-920,NA,F1
BD55-925,NA,F1
BD55-927,NA,E2.2
BD55-929,NA,F2
BD55-93,NA,D1
BD55-930,NA,E2.2
BD55-931,NA,E2.2
BD55-934,NA,F1
BD55-935,NA,E2.1
BD55-936,NA,E3
BD55-939,NA,E2.1
BD55-942,NA,E3
BD55-944,NA,A
BD55-947,NA,D2
BD55-948,class 4,F2
BD55-95,class 1,NA
BD55-958,NA,D1
BD55-965,NA,C
BD55-97,NA,C
BD55-970,NA,D1
BD55-972,NA,E2.1
BD55-977,NA,D1
BD55-979,NA,E2.2
BD55-987,NA,C
BD55-988,NA,D1
BD55-998,NA,E2.2
BD56-001,NA,A
BD56-003,NA,B
BD56-004,NA,F2
BD56-005,NA,B
BD56-006,NA,A
BD56-007,NA,E2.1
BD56-008,NA,F3
BD56-010,NA,D1
BD56-012,NA,D1
BD56-013,NA,F2
BD56-014,NA,E2.1
BD56-015,NA,A
BD56-016,NA,D1
BD56-019,NA,F2
BD56-020,NA,F2
BD56-021,NA,D2
BD56-022,NA,D1
BD56-025,NA,E2.1
BD56-027,NA,D1
BD56-028,NA,D1
BD56-029,NA,F2
BD56-030,NA,F2
BD56-031,NA,D1
BD56-032,NA,D1
BD56-033,NA,F1
BD56-037,NA,F2
BD56-038,NA,F2
BD56-039,NA,F1
BD56-040,NA,E1
BD56-041,NA,F1
BD56-042,NA,F2
BD56-045,NA,E2.1
BD56-046,NA,F2
BD56-048,NA,E2.1
BD56-049,NA,B
BD56-050,NA,F2
BD56-052,NA,F1
BD56-054,NA,E2.1
BD56-055,NA,E2.1
BD56-056,NA,F1
BD56-057,NA,F1
BD56-058,NA,E2.1
BD56-059,NA,C
BD56-063,NA,F1
BD56-064,NA,E2.1
BD56-065,NA,E2.1
BD56-066,NA,E2.1
BD56-068,NA,E2.1
BD56-069,NA,E2.1
BD56-070,NA,E2.1
BD56-071,NA,E1
BD56-073,NA,F1
BD56-074,NA,E2.1
BD56-075,NA,F1
BD56-076,NA,D1
BD56-077,NA,D1
BD56-078,NA,D1
BD56-079,NA,E2.1
BD56-080,NA,E2.2
BD56-081,NA,F1
BD56-082,NA,F1
BD56-083,NA,E2.2
BD56-085,NA,E1
BD56-086,NA,F1
BD56-087,NA,E2.1
BD56-088,NA,F1
BD56-089,NA,E2.2
BD56-090,NA,E2.1
BD56-091,NA,F3
BD56-092,NA,E2.2
BD56-094,NA,F2
BD56-096,NA,E2.2
BD56-097,NA,F1
BD56-098,NA,D1
BD56-099,NA,D1
BD56-100,NA,E2.2
BD56-101,NA,F1
BD56-102,NA,F1
BD56-103,NA,F1
BD56-1038,NA,E2.2
BD56-104,NA,E2.2
BD56-105,NA,F1
BD56-1057,NA,E3
BD56-106,NA,E2.2
BD56-1061,NA,E3
BD56-1064,NA,E3
BD56-1067,NA,E3
BD56-107,NA,F1
BD56-1076,NA,E3
BD56-108,NA,D1
BD56-109,NA,F1
BD56-1091,NA,E3
BD56-1092,NA,E3
BD56-1093,NA,E3
BD56-1097,NA,E2.2
BD56-110,NA,F1
BD56-111,NA,F1
BD56-112,NA,E2.1
BD56-113,NA,E2.2
BD56-114,NA,E2.2
BD56-115,NA,E2.2
BD56-116,NA,F1
BD56-117,NA,F1
BD56-118,NA,E2.1
BD56-1180,NA,D1
BD56-1181,NA,C
BD56-119,NA,E2.2
BD56-1192,NA,D2
BD56-1198,NA,C
BD56-120,NA,F1
BD56-121,NA,E2.2
BD56-1211,NA,E3
BD56-1219,NA,E2.2
BD56-122,NA,E3
BD56-1220,NA,E3
BD56-1221,NA,F2
BD56-1222,NA,E2.2
BD56-1223,NA,C
BD56-1225,NA,E3
BD56-1226,NA,E3
BD56-1228,NA,E2.2
BD56-1229,NA,E3
BD56-123,NA,E2.2
BD56-1230,NA,C
BD56-1231,NA,C
BD56-1232,NA,E3
BD56-1233,NA,E3
BD56-1234,NA,E2.2
BD56-1235,NA,C
BD56-124,NA,E2.2
BD56-1243,NA,C
BD56-1244,NA,E2.1
BD56-1245,NA,E2.2
BD56-1246,NA,F1
BD56-1247,NA,F3
BD56-1248,NA,E2.2
BD56-1249,NA,C
BD56-125,NA,E2.2
BD56-1250,NA,C
BD56-1251,NA,E2.2
BD56-1252,NA,F1
BD56-1253,NA,F2
BD56-1254,NA,D1
BD56-1255,NA,E2.1
BD56-1256,NA,D1
BD56-1257,NA,C
BD56-1258,NA,E2.1
BD56-1259,NA,F3
BD56-126,NA,F1
BD56-1260,NA,E2.2
BD56-1261,NA,D2
BD56-1262,NA,C
BD56-1263,NA,E2.1
BD56-1264,NA,E2.2
BD56-1265,NA,C
BD56-1266,NA,E2.2
BD56-1267,NA,F3
BD56-1268,NA,D1
BD56-1269,NA,E2.2
BD56-127,NA,E2.2
BD56-1270,NA,E2.2
BD56-1271,NA,E2.1
BD56-1272,NA,F1
BD56-1273,NA,C
BD56-1274,NA,E2.1
BD56-1275,NA,E2.2
BD56-1276,NA,F1
BD56-1277,NA,D1
BD56-1279,NA,E2.1
BD56-128,NA,E2.2
BD56-1280,NA,E2.1
BD56-1281,NA,F2
BD56-1282,NA,C
BD56-1283,NA,F1
BD56-1284,NA,A
BD56-1285,NA,E2.2
BD56-1286,NA,D1
BD56-1287,NA,B
BD56-1288,NA,F3
BD56-1289,NA,F3
BD56-129,NA,E2.2
BD56-1290,NA,D2
BD56-1291,NA,E2.2
BD56-1292,NA,E3
BD56-1293,NA,F1
BD56-1294,NA,E3
BD56-1295,NA,E1
BD56-1296,NA,E2.2
BD56-1297,NA,C
BD56-1298,NA,F1
BD56-1299,NA,F1
BD56-130,NA,F1
BD56-1300,NA,F1
BD56-1301,NA,B
BD56-1302,NA,E2.2
BD56-1303,NA,D1
BD56-1304,NA,F1
BD56-1305,NA,E1
BD56-1306,NA,E3
BD56-1307,NA,E2.2
BD56-1308,NA,E3
BD56-1309,NA,B
BD56-131,NA,E3
BD56-1310,NA,E2.2
BD56-1311,NA,F1
BD56-1312,NA,F1
BD56-1313,NA,E3
BD56-1314,NA,F1
BD56-1315,NA,E2.2
BD56-1316,NA,E3
BD56-1317,NA,E2.1
BD56-1318,NA,E2.2
BD56-1319,NA,C
BD56-132,NA,D1
BD56-1320,NA,F2
BD56-1321,NA,E3
BD56-1322,NA,E2.1
BD56-1323,NA,E2.2
BD56-1324,NA,E2.1
BD56-1325,NA,F1
BD56-1326,NA,E2.2
BD56-1327,NA,C
BD56-1328,NA,C
BD56-1329,NA,F1
BD56-133,NA,B
BD56-1330,NA,E3
BD56-1331,NA,F1
BD56-1332,NA,E3
BD56-1333,NA,A
BD56-1334,NA,E2.2
BD56-1335,NA,E2.2
BD56-1336,NA,E2.2
BD56-1337,NA,E2.2
BD56-1338,NA,F1
BD56-134,NA,E3
BD56-1340,NA,E3
BD56-1341,NA,E2.1
BD56-1342,NA,E2.2
BD56-1343,NA,F1
BD56-1344,NA,E3
BD56-1354,NA,A
BD56-136,NA,E2.2
BD56-137,NA,E2.2
BD56-138,NA,E2.2
BD56-1382,NA,A
BD56-139,NA,F1
BD56-1390,NA,A
BD56-1391,NA,B
BD56-1392,NA,E3
BD56-1393,NA,C
BD56-1397,NA,E2.2
BD56-1398,NA,E3
BD56-1399,NA,E3
BD56-140,NA,E2.2
BD56-1400,NA,E3
BD56-1401,NA,E3
BD56-1402,NA,E3
BD56-1403,NA,C
BD56-1404,NA,E3
BD56-1405,NA,E3
BD56-1408,NA,E3
BD56-1409,NA,E3
BD56-141,NA,E3
BD56-1410,NA,E2.2
BD56-1412,NA,E3
BD56-1413,NA,E3
BD56-1414,NA,E2.2
BD56-1415,NA,E2.2
BD56-1416,NA,E2.2
BD56-1417,NA,D1
BD56-1418,NA,E2.2
BD56-1419,NA,E3
BD56-142,NA,F1
BD56-1420,NA,D1
BD56-1421,NA,E2.2
BD56-1422,NA,D1
BD56-1423,NA,E2.2
BD56-1424,NA,E2.2
BD56-1426,NA,E2.2
BD56-1427,NA,E2.2
BD56-1428,NA,C
BD56-1429,NA,A
BD56-143,NA,E2.2
BD56-1430,NA,A
BD56-1431,NA,E2.2
BD56-1432,NA,E2.2
BD56-1433,NA,D1
BD56-1434,NA,E2.2
BD56-1435,NA,E2.2
BD56-1436,NA,F1
BD56-1437,NA,F1
BD56-1438,NA,E2.2
BD56-1439,NA,B
BD56-144,NA,E2.2
BD56-1440,NA,F1
BD56-1441,NA,F1
BD56-1442,NA,F2
BD56-1443,NA,E2.1
BD56-1444,NA,F1
BD56-1445,NA,F2
BD56-1446,NA,B
BD56-1447,NA,D1
BD56-1448,NA,D1
BD56-145,NA,E3
BD56-1450,NA,E2.1
BD56-1451,NA,C
BD56-1452,NA,B
BD56-1453,NA,D1
BD56-1455,NA,F1
BD56-1456,NA,E2.2
BD56-1457,NA,E1
BD56-1458,NA,E2.1
BD56-1459,NA,B
BD56-146,NA,E2.1
BD56-1460,NA,C
BD56-1461,NA,C
BD56-1462,NA,E2.2
BD56-1463,NA,C
BD56-1464,NA,F2
BD56-1466,NA,E2.1
BD56-1467,NA,F2
BD56-1468,NA,E2.1
BD56-1469,NA,B
BD56-147,NA,B
BD56-1470,NA,E1
BD56-1471,NA,D1
BD56-1472,NA,B
BD56-1473,NA,E2.1
BD56-1474,NA,D1
BD56-1475,NA,A
BD56-1476,NA,A
BD56-1477,NA,D1
BD56-1478,NA,B
BD56-1479,NA,E1
BD56-148,NA,E2.2
BD56-1480,NA,A
BD56-1481,NA,C
BD56-1482,NA,A
BD56-1485,NA,D1
BD56-1486,NA,D1
BD56-1489,NA,E3
BD56-149,NA,E2.2
BD56-1493,NA,E3
BD56-150,NA,E2.2
BD56-151,NA,E2.2
BD56-1515,NA,E2.2
BD56-1516,NA,E2.2
BD56-1517,NA,E2.1
BD56-1518,NA,A
BD56-1519,NA,F1
BD56-152,NA,E2.1
BD56-1520,NA,B
BD56-1521,NA,E2.1
BD56-1524,NA,F2
BD56-1526,NA,D2
BD56-1527,NA,E3
BD56-1529,NA,E3
BD56-153,NA,E2.2
BD56-1530,NA,E3
BD56-1531,NA,E3
BD56-1532,NA,E3
BD56-1533,NA,E3
BD56-1534,NA,E3
BD56-1535,NA,E3
BD56-1537,NA,E3
BD56-1538,NA,E3
BD56-1539,NA,E3
BD56-154,NA,E3
BD56-1540,NA,E3
BD56-1541,NA,E3
BD56-1542,NA,E3
BD56-1543,NA,E2.2
BD56-1544,NA,E3
BD56-1545,NA,E3
BD56-1546,NA,E2.1
BD56-1547,NA,E3
BD56-1548,NA,E3
BD56-1549,NA,E3
BD56-155,NA,E2.2
BD56-1551,NA,E3
BD56-1552,NA,A
BD56-1553,NA,E3
BD56-1554,NA,E3
BD56-1555,NA,E2.2
BD56-1556,NA,E3
BD56-1557,NA,E3
BD56-1559,NA,E3
BD56-156,NA,F1
BD56-1560,NA,E3
BD56-1562,NA,E3
BD56-1565,NA,E3
BD56-1566,NA,E3
BD56-1567,NA,E3
BD56-1568,NA,E3
BD56-1569,NA,E2.2
BD56-157,NA,E2.2
BD56-1570,NA,E3
BD56-1572,NA,E3
BD56-1573,NA,D1
BD56-1574,NA,E3
BD56-1576,NA,E3
BD56-1577,NA,E2.2
BD56-1578,NA,E3
BD56-1579,NA,F2
BD56-158,NA,E2.2
BD56-1581,NA,E3
BD56-1583,NA,E3
BD56-1585,NA,A
BD56-1586,NA,E3
BD56-1587,NA,E3
BD56-159,NA,E2.2
BD56-1590,NA,E3
BD56-1591,NA,E3
BD56-1592,NA,E2.2
BD56-1593,NA,E3
BD56-1594,NA,E2.2
BD56-1595,NA,E3
BD56-1596,NA,E2.2
BD56-1598,NA,D1
BD56-1599,NA,E3
BD56-160,NA,E3
BD56-1600,NA,E3
BD56-1601,NA,E3
BD56-1603,NA,E3
BD56-1604,NA,E2.2
BD56-1605,NA,E2.2
BD56-1606,NA,E2.2
BD56-1607,NA,E3
BD56-1608,NA,E2.2
BD56-1609,NA,B
BD56-161,NA,E2.2
BD56-1610,NA,F1
BD56-1611,NA,F1
BD56-1612,NA,D1
BD56-1613,NA,E3
BD56-1614,NA,E2.2
BD56-1615,NA,E2.2
BD56-1616,NA,C
BD56-1617,NA,E2.2
BD56-1618,NA,C
BD56-1619,NA,F1
BD56-1620,NA,E2.1
BD56-1621,NA,E3
BD56-1623,NA,E3
BD56-1624,NA,F1
BD56-1625,NA,E2.2
BD56-1626,NA,E2.2
BD56-1629,NA,E3
BD56-163,NA,E2.2
BD56-1630,NA,E3
BD56-1631,NA,B
BD56-1632,NA,E2.2
BD56-1633,NA,E3
BD56-1635,NA,E3
BD56-1636,NA,F1
BD56-1637,NA,E2.2
BD56-1638,NA,E2.2
BD56-1639,NA,E3
BD56-164,NA,E3
BD56-1640,NA,E2.2
BD56-1641,NA,E2.2
BD56-1642,NA,E2.2
BD56-1643,NA,E2.2
BD56-1645,NA,E3
BD56-1646,NA,E2.2
BD56-1647,NA,E3
BD56-1648,NA,E2.1
BD56-165,NA,E2.2
BD56-1650,NA,E2.2
BD56-1651,NA,C
BD56-1652,NA,E2.1
BD56-1653,NA,F1
BD56-1655,NA,E3
BD56-1656,NA,E2.2
BD56-1657,NA,E2.1
BD56-1658,NA,E2.2
BD56-1659,NA,F2
BD56-166,NA,E2.2
BD56-1660,NA,E2.2
BD56-1661,NA,E2.1
BD56-1662,NA,B
BD56-1663,NA,E2.2
BD56-1664,NA,F1
BD56-1666,NA,F1
BD56-1667,NA,E2.2
BD56-1668,NA,E2.2
BD56-1669,NA,E2.2
BD56-167,NA,E2.2
BD56-1671,NA,F1
BD56-1672,NA,F1
BD56-1673,NA,E2.2
BD56-1674,NA,E3
BD56-1675,NA,E2.2
BD56-1676,NA,E2.2
BD56-1679,NA,B
BD56-168,NA,E2.2
BD56-1680,NA,E2.1
BD56-1681,NA,F1
BD56-1682,NA,F1
BD56-1683,NA,F1
BD56-1684,NA,A
BD56-1685,NA,E3
BD56-1686,NA,F1
BD56-1687,NA,F2
BD56-1688,NA,A
BD56-1689,NA,E2.2
BD56-169,NA,E2.2
BD56-1690,NA,E2.2
BD56-1691,NA,E2.1
BD56-1692,NA,E2.1
BD56-1693,NA,E2.1
BD56-1694,NA,E2.2
BD56-1695,NA,E2.2
BD56-1696,NA,F1
BD56-1697,NA,B
BD56-1698,NA,E2.2
BD56-1699,NA,E2.2
BD56-170,NA,E2.2
BD56-1700,NA,F1
BD56-1701,NA,E2.2
BD56-1702,NA,F1
BD56-1703,NA,F1
BD56-1705,NA,E2.2
BD56-1706,NA,E2.2
BD56-1707,NA,E2.2
BD56-1708,NA,E2.2
BD56-1709,NA,E2.1
BD56-171,NA,E3
BD56-1710,NA,E2.2
BD56-1711,NA,E2.2
BD56-1712,NA,C
BD56-1713,NA,F1
BD56-1714,NA,E2.1
BD56-1715,NA,F1
BD56-1716,NA,E2.1
BD56-1717,NA,B
BD56-1718,NA,F1
BD56-1719,NA,E2.2
BD56-172,NA,E2.2
BD56-1720,NA,F1
BD56-1721,NA,E2.2
BD56-1722,NA,E2.2
BD56-1723,NA,E2.2
BD56-1724,NA,E2.2
BD56-1725,NA,E2.2
BD56-1726,NA,F1
BD56-1727,NA,D2
BD56-1728,NA,E2.2
BD56-1729,NA,E2.1
BD56-173,NA,E3
BD56-1730,NA,E2.1
BD56-1731,NA,F1
BD56-1732,NA,F2
BD56-1733,NA,E2.2
BD56-1734,NA,F1
BD56-1735,NA,E2.2
BD56-1736,NA,D1
BD56-1737,NA,E2.2
BD56-1738,NA,F1
BD56-1739,NA,D1
BD56-174,NA,E3
BD56-1740,NA,E2.1
BD56-1741,NA,F1
BD56-1742,NA,C
BD56-1743,NA,A
BD56-1744,NA,E2.2
BD56-1745,NA,E3
BD56-1746,NA,F1
BD56-1747,NA,E2.2
BD56-1748,NA,F1
BD56-1749,NA,E2.1
BD56-175,NA,E3
BD56-1750,NA,F1
BD56-1751,NA,E2.2
BD56-1752,NA,E2.2
BD56-1753,NA,F1
BD56-1754,NA,C
BD56-1755,NA,E2.2
BD56-1756,NA,D1
BD56-1757,NA,E2.1
BD56-1758,NA,F1
BD56-1759,NA,D1
BD56-1760,NA,E1
BD56-1761,NA,D1
BD56-1762,NA,E2.1
BD56-1763,NA,D1
BD56-1764,NA,E2.2
BD56-1765,NA,E2.2
BD56-1766,NA,F1
BD56-1767,NA,F1
BD56-1768,NA,E2.2
BD56-1769,NA,D1
BD56-177,NA,E2.2
BD56-1770,NA,C
BD56-1771,NA,F1
BD56-1772,NA,E2.2
BD56-1773,NA,F1
BD56-1774,NA,F1
BD56-1775,NA,B
BD56-1776,NA,B
BD56-1777,NA,C
BD56-1778,NA,F1
BD56-1779,NA,E2.1
BD56-178,NA,E3
BD56-1780,NA,B
BD56-1781,NA,E2.1
BD56-1782,NA,E2.2
BD56-1783,NA,E2.2
BD56-1784,NA,D1
BD56-1785,NA,E2.1
BD56-1786,NA,F2
BD56-1787,NA,B
BD56-1789,NA,E2.2
BD56-179,NA,E2.2
BD56-1790,NA,E2.1
BD56-1791,NA,D1
BD56-1793,NA,E2.1
BD56-1794,NA,E2.2
BD56-1795,NA,E2.2
BD56-1796,NA,E2.2
BD56-1797,NA,D2
BD56-1798,NA,E1
BD56-180,NA,E3
BD56-1800,NA,E2.1
BD56-1801,NA,F1
BD56-1802,NA,C
BD56-1803,NA,E2.1
BD56-1804,NA,F1
BD56-1805,NA,E2.2
BD56-1806,NA,F1
BD56-1807,NA,E2.2
BD56-1808,NA,E2.2
BD56-1809,NA,C
BD56-181,NA,E2.2
BD56-1810,NA,F1
BD56-1811,NA,D1
BD56-1812,NA,F1
BD56-1813,NA,E2.2
BD56-1814,NA,E1
BD56-1815,NA,B
BD56-1816,NA,F1
BD56-1817,NA,C
BD56-1818,NA,C
BD56-1819,NA,E2.2
BD56-182,NA,E2.2
BD56-1820,NA,A
BD56-1821,NA,D1
BD56-1822,NA,F1
BD56-1823,NA,F2
BD56-1824,NA,E2.1
BD56-1825,NA,D2
BD56-1826,NA,E2.1
BD56-1827,NA,D1
BD56-1828,NA,E2.1
BD56-1829,NA,B
BD56-183,NA,E3
BD56-1831,NA,E2.2
BD56-1832,NA,E2.2
BD56-1833,NA,B
BD56-1834,NA,E2.2
BD56-1835,NA,F2
BD56-1837,NA,E2.1
BD56-1838,NA,A
BD56-1839,NA,D1
BD56-184,NA,E3
BD56-1840,NA,A
BD56-1841,NA,F1
BD56-1842,NA,D1
BD56-1843,NA,D1
BD56-1844,NA,F2
BD56-1845,NA,F1
BD56-1847,NA,A
BD56-1848,NA,F2
BD56-1849,NA,E2.1
BD56-185,NA,E3
BD56-1850,NA,C
BD56-1851,NA,A
BD56-1852,NA,C
BD56-1853,NA,C
BD56-1854,NA,A
BD56-1855,NA,F2
BD56-1856,NA,B
BD56-1857,NA,D2
BD56-1859,NA,D1
BD56-186,NA,E2.2
BD56-1860,NA,E2.1
BD56-1861,NA,B
BD56-1862,NA,D1
BD56-1863,NA,A
BD56-1864,NA,F1
BD56-1865,NA,E2.1
BD56-1866,NA,D1
BD56-1867,NA,F2
BD56-1868,NA,F2
BD56-1869,NA,C
BD56-187,NA,B
BD56-1870,NA,F1
BD56-1872,NA,B
BD56-1873,NA,D1
BD56-1876,NA,C
BD56-1877,NA,B
BD56-1878,NA,E2.2
BD56-1879,NA,D1
BD56-188,NA,E3
BD56-1880,NA,A
BD56-1881,NA,C
BD56-1883,NA,C
BD56-1885,NA,D2
BD56-1886,NA,D1
BD56-1887,NA,C
BD56-1888,NA,D1
BD56-1889,NA,B
BD56-189,NA,E2.2
BD56-1890,NA,D1
BD56-1891,NA,D1
BD56-1892,NA,D1
BD56-1893,NA,B
BD56-1894,NA,D2
BD56-1895,NA,D2
BD56-1896,NA,B
BD56-1897,NA,F2
BD56-1898,NA,F2
BD56-1899,NA,D2
BD56-190,NA,E2.2
BD56-1900,NA,C
BD56-1902,NA,F3
BD56-1903,NA,C
BD56-1904,NA,B
BD56-1905,NA,D1
BD56-1907,NA,C
BD56-1908,NA,D1
BD56-1909,NA,C
BD56-191,NA,E3
BD56-1910,NA,D2
BD56-1911,NA,D1
BD56-1912,NA,D1
BD56-1915,NA,C
BD56-1916,NA,A
BD56-1918,NA,F1
BD56-1919,NA,F3
BD56-1921,NA,A
BD56-1922,NA,D2
BD56-1923,NA,D1
BD56-1924,NA,B
BD56-1925,NA,A
BD56-1926,NA,A
BD56-1927,NA,C
BD56-1928,NA,A
BD56-1929,NA,F2
BD56-193,NA,E3
BD56-1930,NA,C
BD56-1931,NA,F2
BD56-1932,NA,A
BD56-1934,NA,C
BD56-1935,NA,D1
BD56-1937,NA,A
BD56-194,NA,E3
BD56-1941,NA,E2.2
BD56-1944,NA,B
BD56-1945,NA,C
BD56-1949,NA,C
BD56-195,NA,E3
BD56-1950,NA,F2
BD56-196,NA,E2.2
BD56-197,NA,E2.2
BD56-198,NA,E3
BD56-199,NA,E3
BD56-200,NA,E2.2
BD56-201,NA,E3
BD56-202,NA,E2.2
BD56-203,NA,E2.2
BD56-204,NA,E3
BD56-205,NA,E2.2
BD56-208,NA,E3
BD56-209,NA,E2.2
BD56-210,NA,E3
BD56-211,NA,E2.2
BD56-212,NA,E3
BD56-213,NA,E3
BD56-215,NA,E2.2
BD56-216,NA,E2.2
BD56-217,NA,E2.2
BD56-218,NA,E2.2
BD56-219,NA,E2.2
BD56-220,NA,E3
BD56-221,NA,E3
BD56-222,NA,E3
BD56-223,NA,E3
BD56-224,NA,E3
BD56-229,NA,A
BD56-232,NA,A
BD56-233,NA,C
BD56-234,NA,A
BD56-235,class 1,NA
BD56-236,class 3,NA
BD56-260,NA,E3
BD56-261,NA,E2.2
BD56-263,NA,E3
BD56-264,NA,E3
BD56-265,NA,B
BD56-266,class 4,NA
BD56-267,class 4,NA
BD56-268,class 3,NA
BD56-269,class 1,NA
BD56-272,class 3,NA
BD56-273,class 4,NA
BD56-274,class 1,NA
BD56-275,class 4,NA
BD56-276,class 1,NA
BD56-277,class 1,NA
BD56-280,class 3,NA
BD56-281,class 3,NA
BD56-282,class 3,NA
BD56-284,class 4,NA
BD56-285,class 1,NA
BD56-286,class 3,NA
BD56-290,class 4,NA
BD56-291,class 1,NA
BD56-292,class 1,NA
BD56-296,class 4,NA
BD56-300,NA,A
BD56-301,class 1,NA
BD56-302,class 1,NA
BD56-308,class 1,NA
BD56-309,class 3,NA
BD56-310,class 4,NA
BD56-313,class 1,NA
BD56-322,NA,E2.2
BD56-323,class 3,NA
BD56-326,NA,E3
BD56-327,NA,D2
BD56-330,NA,E3
BD56-331,NA,E3
BD56-332,NA,E3
BD56-333,NA,E3
BD56-336,class 4,NA
BD56-340,class 4,NA
BD56-343,class 1,NA
BD56-344,class 1,NA
BD56-345,class 3,NA
BD56-351,class 3,NA
BD56-353,class 1,NA
BD56-395,NA,F1
BD56-400,NA,A
BD56-408,NA,B
BD56-410,NA,E2.2
BD56-411,NA,A
BD56-412,NA,A
BD56-413,NA,A
BD56-414,NA,A
BD56-416,NA,B
BD56-418,NA,B
BD56-419,NA,D2
BD56-420,NA,E2.2
BD56-423,NA,A
BD56-424,NA,B
BD56-425,NA,A
BD56-426,NA,B
BD56-427,NA,E1
BD56-428,NA,B
BD56-430,NA,D1
BD56-431,NA,B
BD56-432,NA,C
BD56-433,NA,C
BD56-436,NA,D1
BD56-437,NA,D1
BD56-438,NA,D1
BD56-439,NA,A
BD56-441,NA,B
BD56-442,NA,E2.1
BD56-443,NA,D1
BD56-444,NA,E2.1
BD56-445,NA,D1
BD56-446,NA,A
BD56-447,NA,B
BD56-451,NA,E2.1
BD56-454,NA,D1
BD56-455,NA,E2.1
BD56-456,NA,D1
BD56-457,NA,B
BD56-458,NA,D2
BD56-460,NA,A
BD56-461,NA,E2.1
BD56-464,NA,D1
BD56-466,NA,F2
BD56-467,NA,D1
BD56-468,NA,D1
BD56-469,NA,F2
BD56-470,NA,B
BD56-471,NA,B
BD56-472,NA,B
BD56-474,NA,B
BD56-475,NA,E2.1
BD56-476,NA,E2.1
BD56-477,NA,C
BD56-479,NA,B
BD56-480,NA,C
BD56-481,NA,B
BD56-482,NA,D1
BD56-483,NA,B
BD56-484,NA,E2.1
BD56-486,NA,E2.1
BD56-487,NA,E2.1
BD56-488,NA,E2.1
BD56-489,NA,B
BD56-490,NA,D2
BD56-491,NA,D1
BD56-493,NA,C
BD56-494,NA,F1
BD56-495,NA,E1
BD56-496,NA,F1
BD56-497,NA,A
BD56-499,NA,B
BD56-500,NA,D1
BD56-501,NA,F1
BD56-502,NA,E2.1
BD56-503,NA,F1
BD56-504,NA,E2.1
BD56-505,NA,D1
BD56-506,NA,B
BD56-507,NA,D1
BD56-508,NA,B
BD56-509,NA,D2
BD56-510,NA,B
BD56-511,NA,F1
BD56-514,NA,E2.2
BD56-515,NA,E3
BD56-516,NA,C
BD56-518,NA,C
BD56-519,NA,B
BD56-520,NA,C
BD56-522,NA,F1
BD56-523,NA,F1
BD56-524,NA,D2
BD56-525,NA,D1
BD56-526,NA,F1
BD56-529,NA,F1
BD56-530,NA,F1
BD56-531,NA,E1
BD56-532,NA,B
BD56-533,NA,F1
BD56-534,NA,D1
BD56-535,NA,D2
BD56-536,NA,E2.2
BD56-537,NA,E2.1
BD56-538,NA,E1
BD56-539,NA,E2.2
BD56-540,NA,F1
BD56-541,NA,D1
BD56-542,NA,E2.2
BD56-543,NA,F1
BD56-544,NA,F1
BD56-545,NA,E2.2
BD56-546,NA,E2.2
BD56-547,NA,F1
BD56-548,NA,F1
BD56-549,NA,F1
BD56-551,NA,E2.1
BD56-552,NA,E2.1
BD56-553,NA,F1
BD56-554,NA,D2
BD56-555,NA,F1
BD56-556,NA,B
BD56-557,NA,F1
BD56-558,NA,D1
BD56-559,NA,F1
BD56-560,NA,E2.1
BD56-561,NA,E2.1
BD56-563,NA,F1
BD56-564,NA,B
BD56-565,NA,F1
BD56-566,NA,D1
BD56-567,NA,F1
BD56-568,NA,F1
BD56-569,NA,F1
BD56-571,NA,F1
BD56-572,NA,E2.1
BD56-573,NA,F1
BD56-574,NA,E2.1
BD56-576,NA,F1
BD56-577,NA,E2.2
BD56-579,NA,D2
BD56-580,NA,F1
BD56-581,NA,E2.1
BD56-583,NA,F1
BD56-585,NA,D2
BD56-586,NA,F1
BD56-587,NA,E2.1
BD56-588,NA,F1
BD56-589,NA,B
BD56-590,NA,F1
BD56-591,NA,F1
BD56-592,NA,E2.2
BD56-593,NA,B
BD56-594,NA,F1
BD56-595,NA,D2
BD56-596,NA,E2.1
BD56-597,NA,E2.2
BD56-598,NA,F1
BD56-599,NA,F1
BD56-600,NA,F1
BD56-601,NA,F1
BD56-602,NA,F1
BD56-603,NA,F3
BD56-604,NA,F1
BD56-605,NA,D1
BD56-606,NA,B
BD56-607,NA,F1
BD56-608,NA,D1
BD56-609,NA,F1
BD56-610,NA,E2.2
BD56-612,NA,E2.2
BD56-614,NA,F1
BD56-615,NA,E1
BD56-616,NA,C
BD56-618,NA,E2.2
BD56-619,NA,A
BD56-620,NA,F1
BD56-621,NA,A
BD56-622,NA,E2.2
BD56-623,NA,E2.1
BD56-624,NA,E2.2
BD56-625,NA,E2.2
BD56-626,NA,E2.1
BD56-627,NA,F1
BD56-628,NA,E3
BD56-629,NA,F1
BD56-631,NA,D1
BD56-632,NA,E2.1
BD56-633,NA,E2.2
BD56-634,NA,C
BD56-636,NA,E3
BD56-637,NA,F1
BD56-638,NA,E2.1
BD56-639,NA,F1
BD56-640,NA,E2.2
BD56-642,NA,E2.2
BD56-643,NA,F1
BD56-644,NA,E2.2
BD56-646,NA,E1
BD56-647,NA,E2.1
BD56-648,NA,F1
BD56-649,NA,E2.1
BD56-650,NA,E2.2
BD56-651,NA,E2.1
BD56-652,NA,F1
BD56-653,NA,E2.2
BD56-654,NA,E3
BD56-656,NA,E2.2
BD56-657,NA,B
BD56-658,NA,E2.2
BD56-660,NA,D2
BD56-661,NA,E2.2
BD56-663,NA,E2.2
BD56-664,NA,E2.2
BD56-665,NA,E2.2
BD56-666,NA,E2.2
BD56-668,NA,F1
BD56-669,NA,E2.2
BD56-670,NA,E2.2
BD56-671,NA,D1
BD56-674,NA,E2.2
BD56-676,NA,E3
BD56-677,NA,E2.2
BD56-678,NA,E2.2
BD56-679,NA,E2.2
BD56-681,NA,E2.2
BD56-682,NA,E2.1
BD56-683,NA,E2.2
BD56-684,NA,E2.2
BD56-685,NA,E2.2
BD56-686,NA,E3
BD56-687,NA,E3
BD56-688,NA,E3
BD56-690,NA,E3
BD56-691,NA,E2.2
BD56-692,NA,E2.2
BD56-693,NA,E2.2
BD56-694,NA,E2.2
BD56-695,NA,E2.2
BD56-697,NA,E3
BD56-698,NA,E2.2
BD56-700,NA,E2.2
BD56-701,NA,E3
BD56-702,NA,E3
BD56-703,NA,E2.2
BD56-705,NA,E3
BD56-707,NA,E2.2
BD56-708,NA,E2.2
BD56-709,NA,E2.2
BD56-711,NA,E3
BD56-712,NA,E2.2
BD56-713,NA,E2.2
BD56-714,NA,E2.2
BD56-715,NA,E3
BD56-716,NA,E2.2
BD56-717,NA,E3
BD56-718,NA,E2.2
BD56-719,NA,E1
BD56-720,NA,E3
BD56-722,NA,E2.2
BD56-723,NA,E2.2
BD56-724,NA,E3
BD56-725,NA,E2.2
BD56-726,NA,E3
BD56-727,NA,E2.2
BD56-728,NA,E3
BD56-729,NA,D1
BD56-730,NA,E3
BD56-731,NA,E2.2
BD56-732,NA,E2.2
BD56-733,NA,E3
BD56-734,class 4,NA
BD56-739,NA,D2
BD56-749,class 4,NA
BD56-756,class 3,NA
BD56-761,class 1,NA
BD56-762,class 4,NA
BD56-767,class 1,NA
BD56-776,class 1,NA
BD56-780,class 1,NA
BD56-781,class 1,NA
BD56-785,class 1,NA
BD56-786,class 4,NA
BD56-788,class 1,NA
BD56-789,class 1,NA
BD56-794,class 3,NA
BD56-797,class 1,NA
BD56-798,class 4,NA
BD56-799,class 4,NA
BD56-800,class 3,NA
BD56-802,class 3,NA
BD56-804,class 1,NA
BD56-807,class 4,NA
BD56-811,class 4,NA
BD56-814,class 1,NA
BD56-816,class 4,NA
BD56-817,class 1,NA
BD56-818,class 4,NA
BD56-819,class 1,NA
BD56-822,class 3,NA
BD56-823,class 1,NA
BD56-824,class 1,NA
BD56-825,class 1,NA
BD56-826,class 1,NA
BD56-827,class 3,NA
BD56-828,class 4,NA
BD56-829,class 1,NA
BD56-831,class 1,NA
BD56-832,class 1,NA
BD56-833,class 4,NA
BD56-835,class 1,NA
BD56-836,class 3,NA
BD56-838,class 4,NA
BD56-839,class 3,NA
BD56-841,class 1,NA
BD56-843,class 4,NA
BD56-848,class 4,NA
BD56-850,class 1,NA
BD56-854,class 3,NA
BD56-858,class 1,NA
BD56-860,class 4,NA
BD56-862,class 1,NA
BD56-864,class 4,NA
BD56-865,class 1,NA
BD56-866,class 1,NA
BD56-867,class 1,NA
BD56-871,class 3,NA
BD56-872,class 4,NA
BD56-874,class 4,NA
BD56-877,class 1,NA
BD56-879,class 1,NA
BD56-880,class 4,NA
BD56-882,class 1,NA
BD56-883,class 4,NA
BD56-887,class 1,B
BD56-888,class 3,NA
BD56-890,class 1,NA
BD56-894,class 4,NA
BD56-900,NA,E2.1
BD56-901,NA,E3
BD56-902,NA,F2
BD56-903,NA,E2.2
BD56-904,NA,E2.2
BD56-905,NA,E3
BD56-906,NA,E2.2
BD56-907,NA,E2.1
BD56-908,NA,E2.1
BD56-910,NA,E2.1
BD56-911,NA,E2.2
BD56-912,NA,E3
BD56-913,NA,E2.2
BD56-914,NA,E3
BD56-915,NA,E2.1
BD56-916,NA,F1
BD56-917,NA,C
BD56-918,NA,E2.2
BD56-919,NA,E3
BD56-920,NA,B
BD56-921,NA,F1
BD56-923,NA,E3
BD56-924,NA,F1
BD56-925,NA,E2.2
BD56-926,NA,E2.1
BD56-927,NA,F2
BD56-928,NA,A
BD56-929,NA,E2.2
BD56-930,NA,E2.2
BD56-931,NA,E2.2
BD56-933,NA,E3
BD56-934,NA,E2.1
BD56-935,NA,A
BD56-936,NA,E2.2
BD56-937,NA,D1
BD56-938,NA,E2.1
BD56-939,NA,E3
BD56-940,NA,E2.2
BD56-941,NA,F1
BD56-942,NA,C
BD56-943,NA,E2.1
BD56-944,NA,E2.2
BD56-945,NA,E3
BD56-946,NA,E2.2
BD56-948,NA,E2.2
BD56-949,NA,E2.1
BD56-950,NA,F1
BD56-951,NA,E2.2
BD56-952,NA,E2.1
BD56-953,NA,A
BD56-954,NA,E2.2
BD56-955,NA,E2.2
BD56-956,NA,E3
BD56-957,NA,E3
BD56-959,NA,E2.2
BD56-960,NA,D1
BD56-961,NA,C
BD56-962,NA,E3
BD56-963,NA,E2.1
BD56-964,NA,E2.1
BD56-965,NA,B
BD56-967,NA,E3
BD56-968,NA,E2.2
BD56-969,NA,A
BD56-970,NA,A
BD56-971,NA,E3
BD56-972,NA,E2.2
BD56-973,NA,E2.2
BD56-974,NA,E2.2
BD56-975,NA,E2.2
BD56-976,NA,E2.2
BD56-977,NA,F2
BD56-978,NA,A
BD57-001,NA,A
BD57-002,NA,D2
BD57-003,NA,A
BD57-004,NA,F2
BD57-005,NA,C
BD57-006,NA,B
BD57-008,NA,F2
BD57-009,NA,A
BD57-010,NA,C
BD57-0101,NA,E2.2
BD57-0102,NA,E2.2
BD57-0103,NA,B
BD57-0104,NA,E2.2
BD57-0105,NA,E2.2
BD57-0107,NA,E2.2
BD57-0109,NA,E3
BD57-0110,NA,E3
BD57-0111,NA,F1
BD57-0113,NA,F2
BD57-0115,NA,E3
BD57-0117,NA,D1
BD57-0118,NA,E2.2
BD57-0119,NA,C
BD57-012,NA,B
BD57-0120,NA,F1
BD57-0121,NA,E3
BD57-0123,NA,F1
BD57-0124,NA,E2.2
BD57-0125,NA,F1
BD57-0126,NA,E2.2
BD57-0127,NA,F1
BD57-0128,NA,E2.2
BD57-0129,NA,A
BD57-013,NA,A
BD57-0131,NA,E2.2
BD57-0132,NA,E3
BD57-0133,NA,E2.2
BD57-0134,NA,A
BD57-0135,NA,E2.2
BD57-0136,NA,E2.2
BD57-0137,NA,F2
BD57-0138,NA,E2.2
BD57-0139,NA,E2.2
BD57-014,NA,F2
BD57-0140,NA,F1
BD57-0141,NA,A
BD57-0142,NA,E2.2
BD57-0143,NA,F2
BD57-0145,NA,D2
BD57-0146,NA,E3
BD57-0148,NA,E2.2
BD57-015,NA,D1
BD57-0150,NA,E2.2
BD57-0151,NA,F1
BD57-0153,NA,F2
BD57-0154,NA,F1
BD57-0155,NA,E2.2
BD57-0156,NA,F1
BD57-0157,NA,E2.2
BD57-0159,NA,F1
BD57-016,NA,F2
BD57-0160,NA,E2.2
BD57-0161,NA,E2.1
BD57-0162,NA,E3
BD57-0163,NA,F1
BD57-0164,NA,E2.2
BD57-0167,NA,E3
BD57-0168,NA,C
BD57-0169,NA,D1
BD57-017,NA,C
BD57-0170,NA,E2.2
BD57-0171,NA,D2
BD57-0173,NA,E2.2
BD57-0174,NA,D2
BD57-0175,NA,D2
BD57-0176,NA,D2
BD57-0177,NA,E1
BD57-0178,NA,E2.2
BD57-0179,NA,E2.2
BD57-018,NA,A
BD57-0181,NA,E2.2
BD57-0183,NA,F1
BD57-0184,NA,E3
BD57-0185,NA,D1
BD57-0186,NA,E3
BD57-0187,NA,E2.2
BD57-0188,NA,E3
BD57-0189,NA,D2
BD57-019,NA,F2
BD57-0190,NA,F1
BD57-0191,NA,D2
BD57-0193,NA,E2.2
BD57-0194,NA,E2.1
BD57-0195,NA,E2.2
BD57-0196,NA,F1
BD57-0198,NA,D1
BD57-0199,NA,E2.2
BD57-020,NA,D1
BD57-0200,NA,E2.2
BD57-0201,NA,E3
BD57-0202,NA,E2.2
BD57-0203,NA,E2.2
BD57-0205,NA,E1
BD57-0206,NA,E2.2
BD57-0207,NA,C
BD57-0209,NA,F1
BD57-021,NA,A
BD57-0210,NA,F2
BD57-0211,NA,E2.2
BD57-0212,NA,F1
BD57-0214,NA,E2.2
BD57-0215,NA,D2
BD57-0217,NA,F1
BD57-0218,NA,E2.2
BD57-0219,NA,E2.2
BD57-022,NA,B
BD57-0220,NA,E3
BD57-0221,NA,E2.2
BD57-0222,NA,E2.2
BD57-0223,NA,D1
BD57-0224,NA,E2.2
BD57-0225,NA,E2.2
BD57-0226,NA,F2
BD57-0227,NA,F1
BD57-0228,NA,F2
BD57-0229,NA,E2.2
BD57-023,NA,D2
BD57-0230,NA,F1
BD57-0231,NA,C
BD57-0232,NA,E2.2
BD57-0233,NA,E2.2
BD57-0234,NA,E2.2
BD57-0235,NA,E3
BD57-0236,NA,E2.2
BD57-0238,NA,E3
BD57-0239,NA,E1
BD57-024,NA,A
BD57-0240,NA,E3
BD57-0241,NA,F1
BD57-0242,NA,D1
BD57-0243,NA,A
BD57-0244,NA,E2.1
BD57-0245,NA,F1
BD57-0247,NA,F1
BD57-0248,NA,F1
BD57-0249,NA,E3
BD57-025,NA,A
BD57-0251,NA,E3
BD57-0254,NA,A
BD57-0255,NA,F2
BD57-0256,NA,F1
BD57-0259,NA,E1
BD57-026,NA,E2.1
BD57-0260,NA,F2
BD57-0261,NA,C
BD57-0262,NA,C
BD57-0263,NA,B
BD57-0264,NA,A
BD57-0265,NA,E2.2
BD57-0266,NA,D1
BD57-0267,NA,E1
BD57-0268,NA,E3
BD57-0269,NA,B
BD57-027,NA,A
BD57-0270,NA,E2.2
BD57-0272,NA,E1
BD57-0275,NA,E2.2
BD57-0279,NA,E2.2
BD57-028,NA,D2
BD57-0280,NA,E2.2
BD57-0281,NA,D2
BD57-0282,NA,F1
BD57-0283,NA,E2.2
BD57-0284,NA,F1
BD57-0285,NA,B
BD57-0286,NA,E3
BD57-0287,NA,C
BD57-0288,NA,E2.1
BD57-0289,NA,E2.2
BD57-029,NA,A
BD57-0290,NA,E2.2
BD57-0291,NA,E2.2
BD57-0292,NA,E3
BD57-0293,NA,D2
BD57-0294,NA,E2.2
BD57-0295,NA,E2.2
BD57-0296,NA,D2
BD57-0299,NA,E2.2
BD57-030,NA,E2.1
BD57-0301,NA,E2.1
BD57-0302,NA,E2.2
BD57-0303,NA,D1
BD57-0304,NA,D2
BD57-0306,NA,E2.2
BD57-0307,NA,C
BD57-031,NA,B
BD57-0310,NA,F1
BD57-0311,NA,D1
BD57-0312,NA,E3
BD57-0313,NA,E1
BD57-0314,NA,E3
BD57-0315,NA,E2.1
BD57-0316,NA,F2
BD57-0317,NA,F1
BD57-0319,NA,F1
BD57-032,NA,F2
BD57-0320,NA,E3
BD57-0321,NA,E2.2
BD57-0322,NA,F1
BD57-0323,NA,F1
BD57-0324,NA,E2.1
BD57-0326,NA,D1
BD57-0327,NA,E2.2
BD57-0328,NA,E2.2
BD57-0329,NA,F1
BD57-033,NA,A
BD57-0330,NA,E2.2
BD57-0333,NA,E2.2
BD57-0334,NA,F1
BD57-0335,NA,D1
BD57-0336,NA,E3
BD57-0337,NA,E3
BD57-034,NA,E2.1
BD57-0340,NA,E2.1
BD57-0341,NA,D1
BD57-0343,NA,E1
BD57-0345,NA,D1
BD57-0348,NA,E3
BD57-035,NA,D1
BD57-0351,NA,D2
BD57-0354,NA,D2
BD57-0355,NA,C
BD57-0356,NA,C
BD57-0357,NA,C
BD57-0358,NA,E3
BD57-0359,NA,C
BD57-0361,NA,F2
BD57-0362,NA,E3
BD57-0363,NA,E2.2
BD57-0364,NA,E2.2
BD57-0365,NA,E2.2
BD57-0366,NA,E1
BD57-0368,NA,E2.2
BD57-0369,NA,E2.2
BD57-037,NA,E1
BD57-0373,NA,E2.2
BD57-0374,NA,E2.1
BD57-0375,NA,B
BD57-0376,NA,E2.2
BD57-0377,NA,F1
BD57-0378,NA,F2
BD57-038,NA,B
BD57-0385,NA,B
BD57-0386,NA,A
BD57-0387,NA,E2.2
BD57-0388,NA,E3
BD57-0389,NA,E2.2
BD57-039,NA,D2
BD57-0390,NA,F1
BD57-0393,NA,E3
BD57-0394,NA,A
BD57-0397,NA,E2.2
BD57-0399,NA,D2
BD57-0400,NA,E3
BD57-0401,NA,E3
BD57-0402,NA,C
BD57-0403,NA,F1
BD57-0404,NA,E3
BD57-0405,NA,E2.1
BD57-0406,NA,E3
BD57-0408,NA,E2.1
BD57-041,NA,E2.1
BD57-0410,NA,E2.2
BD57-0411,NA,C
BD57-0412,NA,D2
BD57-042,NA,D1
BD57-043,NA,C
BD57-045,NA,D2
BD57-046,NA,D1
BD57-047,NA,C
BD57-049,NA,B
BD57-051,NA,E2.1
BD57-052,NA,E2.1
BD57-053,NA,E2.1
BD57-054,NA,C
BD57-056,NA,B
BD57-057,NA,F1
BD57-058,NA,E1
BD57-059,NA,E1
BD57-060,NA,E2.1
BD57-061,NA,D1
BD57-062,NA,B
BD57-063,NA,F1
BD57-064,NA,F1
BD57-065,NA,E2.1
BD57-066,NA,F2
BD57-067,NA,D1
BD57-068,NA,E2.1
BD57-069,NA,D1
BD57-070,NA,D1
BD57-071,NA,E2.2
BD57-072,NA,F2
BD57-073,NA,D1
BD57-074,NA,F1
BD57-075,NA,F1
BD57-076,NA,F2
BD57-077,NA,C
BD57-078,NA,E2.1
BD57-079,NA,B
BD57-080,NA,E2.1
BD57-082,NA,D2
BD57-083,NA,F1
BD57-085,NA,D1
BD57-087,NA,E2.2
BD57-088,NA,F1
BD57-089,NA,D1
BD57-090,NA,F1
BD57-091,NA,F1
BD57-092,NA,F1
BD57-093,NA,F1
BD57-096,NA,E2.2
BD57-097,NA,F1
BD57-098,NA,D2
BD57-099,NA,E2.1
BD57-100,NA,E2.2
BD58-0448,NA,B
BD58-0571,NA,E3
BD58-0572,NA,E3
BD58-0573,NA,A
BD58-0574,NA,E3
BD58-0575,NA,E3
BD58-0577,NA,D1
BD58-0578,NA,E3
BD58-0580,NA,D1
BD58-0584,NA,E3
BD58-0586,NA,E3
BD58-0587,NA,E2.2
BD58-0588,NA,D2
BD58-0589,NA,E3
BG1-24,class 1,B
BG10-19,class 3/class 2,E1
BG4-25,class 1,A
BG7-15,class 3,D2
BG7-20,class 1/class 2,A
BRII-196,class 1,A
BRII-198,class 3,NA
C002,class 2,C
C034,NA,D1
C048,class 4,F2
C058,class 2,C
C083,class 2/class 1,C
C085,class 2,C
C089,NA,F2
C091,class 3,E2.2
C093,class 1,A
C102,class 1,A
C105,class 1,A
C110,class 3,D1
C119,class 3,D1
C121,class 2,C
C135,class 3/class 1,A
C144,class 2,C
C1A-B12,class 1,A
C1A-B3,class 1,A
C1A-C2,class 1,A
C1A-F10,class 1,A
C213,NA,F2
C217,NA,F2
C516,class 2,C
C547,NA,E2.2
C552,NA,E2.2
C556,class 3,E2.1
C576,class 3,E1
C578,class 1,A
C581,class 3,E2.2
C591,class 2,C
C594,class 4,F2
C597,class 1,B
CA521,class 3/class 1,NA
CB6,class 1,NA
CC12.1,class 1,A
CC12.3,class 1,A
CM32,class 2,C
COV2-2015,class 4,F2
COV2-2037,class 1,A
COV2-2046,class 1,B
COV2-2050,class 2,NA
COV2-2064,class 2,C
COV2-2068,class 1,A
COV2-2072,class 1,B
COV2-2082,class 4,NA
COV2-2094,class 4,NA
COV2-2096,class 2,NA
COV2-2098,class 1,A
COV2-2103,class 4,F2
COV2-2113,class 1,A
COV2-2130,class 3,D1
COV2-2165,class 1,NA
COV2-2196,class 1,B
COV2-2258,class 4,F2
COV2-2268,class 3,D2
COV2-2308,class 1,A
COV2-2353,class 2,C
COV2-2381,class 1,B
COV2-2389,class 3,E2.1
COV2-2391,class 2,C
COV2-2413,NA,C
COV2-2479,class 2,C
COV2-2485,class 3,E2.2
COV2-2499,class 3,D2
COV2-2504,class 2,C
COV2-2514,class 4,F2
COV2-2531,class 4,F2
COV2-2539,class 2,C
COV2-2589,class 1,A
COV2-2628,NA,E2.1
COV2-2677,class 4,F2
COV2-2678,class 4,F2
COV2-2684,class 1,B
COV2-2693,class 3,D1
COV2-2734,NA,F2
COV2-2760,NA,D2
COV2-2780,class 3,D1
COV2-2807,class 1,A
COV2-2819,class 2,C
COV2-2828,class 4,F2
COV2-2832,class 1,NA
COV2-2841,class 4,F2
COV2-2848,NA,E3
COV2-2919,class 1,A
COV2-2941,class 1,B
COV2-2955,class 2,C
COV2-3025,class 1,B
COVA1-16,class 3/class 4,E3
COVA2-04,class 1,A
COVA2-39,class 1/class 2,B
COVOX-150,class 1,A
COVOX-222,class 1,A
COVOX-253H165L,class 1,B
COVOX-253H55L,class 1,B
COVOX-269,class 1,A
COVOX-316,class 2,C
COVOX-384,class 2,C
COVOX-40,class 1,A
COVOX-45,NA,E2.2
COVOX-75,class 3,D1
COVOX-88,class 1,A
CR3022,class 4,NA
CR3022-B6,class 1,NA
CV-X2-106,class 1,B
CV05-163,class 1/class 2,A
CV07-200,class 2,C
CV07-209,class 1,B
CV07-222,class 2,C
CV07-250,class 1,A
CV07-255,class 2,C
CV07-262,class 2,C
CV07-270,class 3,D1
CV07-283,class 2,C
CV07-287,class 1,B
CV07-315,class 2,C
CV2-75,NA,F2
CV30,class 1,A
CV38-142,class 3,E1
DH1041,class 2,C
DH1042,class 2,C
DH1043,class 2,C
DH1044,class 3,D1
DH1045,class 4,F2
DH1046,class 4,F2
DH1047,class 4,F2
DH1063,NA,D1
DH1064,NA,E3
DH1072,class 3,E3
DH1073,class 4,F2
DH1082,class 2,C
DH1088,NA,F1
DH1111,class 2,C
DH1117,NA,F1
DH1126,class 1,A
DH1128,NA,C
DH1129,NA,C
DH1130,NA,C
DH1140,class 1,A
DH1143,class 2,C
DH1151,class 3,E2.1
DH1154,class 1,A
DH1155,class 1,A
DH1159-2,class 2,C
DH1160,class 3,D1
DH1161-1,NA,D1
DH1161-2,class 3,D1
DH1173,class 2,C
DH1179,class 1,A
DH1180,NA,F3
DH1183,NA,F3
DH1184,class 2,C
DH1186,class 2,C
DH1193,class 3,E2.2
DH1196,class 2,C
DH1210,class 1,A
DH1214,class 2,C
DXP-593,class 2,C
DXP-604,class 1,A
Ehling_mAb-50,class 3,D2
Ehling_mAb-64,class 1,A
Ehling_mAb-82,class 3,D1
EY6A,NA,F1
FC08,class 3,NA
H014,class 4,NA
H4,class 2,C
HuR33,class 3,NA
LY-CoV016,class 1,A
LY-CoV1404,class 3,D2
LY-CoV481,class 1,A
LY-CoV488,class 1,A
LY-CoV555,class 2,C
NT-193,class 4,NA
OC220225-GC0003,class 1,NA
OC220225-GC0005,class 2,NA
OC220225-GC0006,class 1,NA
OC220225-GC0009,class 1,NA
OC220225-GC0010,class 2,NA
OC220225-GC0012,class 1,NA
OC220225-GC0013,class 1,NA
OC220225-GC0014,class 4,NA
OC220225-GC0015,class 3,NA
OC220225-GC0017,class 2,NA
OC220225-GC0018,class 1,NA
OC220225-GC0019,class 4,NA
OC220225-GC0020,class 3,NA
OC220225-GC0021,class 1,NA
OC220225-GC0022,class 1,NA
OC220225-GC0023,class 3,NA
OC220225-GC0024,class 1,NA
OC220225-GC0025,class 1,NA
OC220225-GC0026,class 3,NA
OC220225-GC0027,class 1,NA
OC220225-GC0028,class 3,NA
OC220225-GC0029,class 1,NA
OC220225-GC0030,class 3,NA
OC220225-GC0031,class 1,NA
OC220225-GC0032,class 4,NA
OC220225-GC0033,class 1,NA
OC220225-GC0034,class 3,NA
OC220225-GC0035,class 3,NA
OC220225-GC0037,class 3,NA
OC220225-GC0038,class 1,NA
OC220225-GC0041,class 3,NA
OC220225-GC0042,class 3,NA
OC220225-GC0043,class 2,NA
OC220225-GC0045,class 3,NA
OC220225-GC0046,class 3,NA
OC220225-GC0047,class 2,NA
OC220225-GC0049,class 1,NA
OC220225-GC0051,class 3,NA
OC220225-GC0052,class 3,NA
OC220225-GC0053,class 3,NA
OC220225-GC0054,class 2,NA
OC220225-GC0056,class 1,NA
OC220225-GC0057,class 4,NA
OC220225-GC0058,class 3,NA
OC220225-GC0059,class 3,NA
OC220225-GC0060,class 3,NA
OC220225-GC0062,class 1,NA
OC220225-GC0065,class 3,NA
OC220225-GC0067,class 3,NA
OC220225-GC0068,class 3,NA
OC220225-GC0069,class 3,NA
OC220225-GC0070,class 3,NA
OC220225-GC0073,class 3,NA
OC220225-GC0074,class 4,NA
OC220225-GC0077,class 2,NA
OC220225-GC0078,class 3,NA
OC220225-GC0079,class 1,NA
OC220225-GC0082,class 3,NA
OC220225-GC0083,class 4,NA
OC220225-GC0085,class 3,NA
OC220225-GC0087,class 3,NA
OC220225-GC0088,class 4,NA
OC220225-GC0089,class 3,NA
OC220225-GC0091,class 4,NA
OC220225-GC0092,class 4,NA
OC220225-GC0096,class 3,NA
OC220225-GC0097,class 4,NA
OC220225-GC0099,class 3,NA
OC220225-GC0100,class 3,NA
OC220225-SN0003,class 1,NA
OC220225-SN0005,class 1,NA
OC220225-SN0006,class 1,NA
OC220225-SN0007,class 3,NA
OC220225-SN0008,class 4,NA
OC220225-SN0010,class 3,NA
OC220225-SN0012,class 3,NA
OC220225-SN0014,class 3,NA
OC220225-SN0015,class 1,NA
OC220225-SN0019,class 4,NA
OC220225-SN0021,class 3,NA
OC220225-SN0022,class 3,NA
OC220225-SN0023,class 1,NA
OC220225-SN0025,class 3,NA
OC220225-SN0027,class 3,NA
OC220225-SN0028,class 3,NA
OC220225-SN0030,class 4,NA
OC220225-SN0031,class 3,NA
OC220225-SN0032,class 3,NA
OC220225-SN0037,class 4,NA
OC220225-SN0038,class 4,NA
OC220225-SN0039,class 4,NA
OC220225-SN0040,class 3,NA
OC220225-SN0042,class 4,NA
OC220225-SN0044,class 1,NA
OC220225-SN0045,class 3,NA
OC220225-SN0046,class 4,NA
OC220225-SN0048,class 3,NA
OC220225-SN0049,class 1,NA
OC220225-SN0051,class 3,NA
OC220225-SN0052,class 4,NA
OC220225-SN0054,class 3,NA
OC220225-SN0055,class 3,NA
OC220225-SN0056,class 4,NA
OC220225-SN0057,class 4,NA
OC220225-SN0058,class 3,NA
OC220225-SN0059,class 2,NA
OC220225-SN0061,class 3,NA
OC220225-SN0064,class 3,NA
OC220225-SN0065,class 3,NA
OC220225-SN0066,class 3,NA
OC220225-SN0067,class 3,NA
OC220225-SN0068,class 3,NA
OC220225-SN0069,class 3,NA
OC220225-SN0070,class 3,NA
OC220225-SN0071,class 3,NA
OC220225-SN0073,class 4,NA
OC220225-SN0074,class 3,NA
OC220225-SN0075,class 4,NA
OC220225-SN0076,class 3,NA
OC220225-SN0077,class 3,NA
OC220225-SN0078,class 3,NA
OC220225-SN0079,class 3,NA
OC220225-SN0080,class 3,NA
OC220225-SN0081,class 4,NA
OC220225-SN0083,class 3,NA
OC220225-SN0085,class 3,NA
OC220225-SN0087,class 3,NA
OC220225-SN0088,class 4,NA
OC220225-SN0089,class 3,NA
OC220225-SN0090,class 3,NA
OC220225-SN0091,class 4,NA
OC220225-SN0092,class 3,NA
OC220225-SN0096,class 3,NA
OC220225-SN0097,class 4,NA
OC220225-SN0098,class 3,NA
OC220225-SN0099,class 3,NA
OC220225-SN0100,class 3,NA
OC220225-SN0102,class 4,NA
OC220225-SN0103,class 4,NA
OC220225-SN0104,class 3,NA
OC220225-SN0105,class 4,NA
OC220225-SN0106,class 3,NA
OC220225-SN0108,class 3,NA
OC220225-SN0109,class 4,NA
OC220225-SN0110,class 4,NA
OC220225-SN0111,class 4,NA
OC220225-SN0112,class 3,NA
OC220225-SN0113,class 3,NA
OC220225-SN0114,class 3,NA
OC220225-SN0115,class 3,NA
OC220225-SN0116,class 4,NA
OC220225-SN0117,class 4,NA
OC220225-SN0118,class 3,NA
OC220225-SN0119,class 3,NA
OC220225-SN0122,class 3,NA
OC220225-SN0124,class 3,NA
OC220225-SN0126,class 4,NA
OC220225-SN0127,class 3,NA
OC220225-SN0128,class 3,NA
OC220225-SN0129,class 3,NA
OC220225-SN0134,class 3,NA
OC220225-SN0137,class 3,NA
OC220225-SN0138,class 3,NA
OC220225-SN0139,class 4,NA
OC220225-SN0140,class 3,NA
OC220225-SN0142,class 4,NA
OC220225-SN0143,class 3,NA
OC220225-SN0145,class 3,NA
OC220225-SN0146,class 3,NA
OC220225-SN0147,class 1,NA
OC220225-SN0148,class 3,NA
OC220225-SN0149,class 3,NA
OC220225-SN0150,class 3,NA
OC220225-SN0151,class 3,NA
OC220225-SN0152,class 3,NA
OC220225-SN0153,class 3,NA
OC220225-SN0154,class 3,NA
OC220225-SN0158,class 3,NA
OC220225-SN0161,class 3,NA
OC220225-SN0163,class 3,NA
OC220225-SN0164,class 3,NA
OC220225-SN0166,class 3,NA
OC220225-SN0168,class 3,NA
OC220225-SN0170,class 3,NA
OC220225-SN0171,class 3,NA
OC220225-SN0172,class 3,NA
OC220225-SN0175,class 3,NA
OC220225-SN0177,class 3,NA
OC220225-SN0178,class 3,NA
OC220225-SN0179,class 3,NA
OC220225-SN0180,class 3,NA
OC220225-SN0181,class 3,NA
OC220225-SN0183,class 3,NA
OC220225-SN0185,class 3,NA
OC220225-SN0186,class 3,NA
OC220225-SN0187,class 1,NA
OC220225-SN0188,class 3,NA
OC220225-SN0189,class 3,NA
OC220225-SN0191,class 3,NA
OC220225-SN0193,class 3,NA
OC220225-SN0195,class 3,NA
OC220225-SN0196,class 3,NA
OC220225-SN0197,class 3,NA
OC220225-SN0198,class 3,NA
OC220225-SN0201,class 3,NA
OC220225-SN0202,class 3,NA
OC220225-SN0203,class 3,NA
OC220225-SN0204,class 3,NA
OC220225-SN0205,class 3,NA
OC220225-SN0207,class 3,NA
OC220225-SN0208,class 3,NA
OC220225-SN0210,class 3,NA
OC220225-SN0211,class 3,NA
OC220225-SN0212,class 3,NA
OC220225-SN0213,class 3,NA
OC220225-SN0215,class 3,NA
OC220225-SN0217,class 3,NA
OC220225-SN0218,class 3,NA
OC220225-SN0220,class 3,NA
OC220225-SN0222,class 3,NA
OC220225-SN0223,class 3,NA
OC220225-SN0229,class 1,NA
OC220225-SN0232,class 1,NA
OC220225-SN0233,class 2,NA
OC220225-SN0234,class 1,NA
OC220225-SN0261,class 3,NA
OC220225-SN0263,class 3,NA
OC220225-SN0265,class 1,NA
OC220225-SN0322,class 3,NA
OC220225-SN0326,class 3,NA
OC220225-SN0330,class 3,NA
OC220225-SN0331,class 3,NA
OC220225-SN0332,class 3,NA
OC220225-SN0395,class 4,NA
OC220225-SN0400,class 1,NA
OC220302-SN0410,class 3,NA
OC220302-SN0411,class 1,NA
OC220302-SN0412,class 1,NA
OC220302-SN0416,class 1,NA
OC220302-SN0418,class 1,NA
OC220302-SN0419,class 3,NA
OC220302-SN0420,class 3,NA
OC220302-SN0423,class 1,NA
OC220302-SN0424,class 1,NA
OC220302-SN0425,class 1,NA
OC220302-SN0426,class 1,NA
OC220302-SN0429,class 1,NA
OC220302-SN0430,class 3,NA
OC220302-SN0431,class 1,NA
OC220302-SN0432,class 2,NA
OC220302-SN0433,class 2,NA
OC220302-SN0436,class 3,NA
OC220302-SN0438,class 3,NA
OC220302-SN0439,class 1,NA
OC220302-SN0441,class 1,NA
OC220302-SN0442,class 3,NA
OC220302-SN0443,class 3,NA
OC220302-SN0444,class 3,NA
OC220302-SN0445,class 3,NA
OC220302-SN0446,class 1,NA
OC220302-SN0447,class 1,NA
OC220302-SN0448,class 1,NA
OC220302-SN0451,class 3,NA
OC220302-SN0454,class 3,NA
OC220302-SN0455,class 3,NA
OC220302-SN0456,class 3,NA
OC220302-SN0457,class 1,NA
OC220302-SN0458,class 3,NA
OC220302-SN0460,class 1,NA
OC220302-SN0461,class 3,NA
OC220302-SN0464,class 3,NA
OC220302-SN0467,class 3,NA
OC220302-SN0468,class 3,NA
OC220302-SN0469,class 4,NA
OC220302-SN0470,class 1,NA
OC220302-SN0471,class 1,NA
OC220302-SN0472,class 1,NA
OC220302-SN0474,class 1,NA
OC220302-SN0475,class 3,NA
OC220302-SN0476,class 3,NA
OC220302-SN0477,class 2,NA
OC220302-SN0480,class 2,NA
OC220302-SN0482,class 3,NA
OC220302-SN0483,class 1,NA
OC220302-SN0484,class 3,NA
OC220302-SN0485,class 4,NA
OC220302-SN0486,class 3,NA
OC220302-SN0487,class 3,NA
OC220302-SN0488,class 3,NA
OC220302-SN0489,class 1,NA
OC220302-SN0490,class 3,NA
OC220302-SN0491,class 3,NA
OC220302-SN0492,class 4,NA
OC220302-SN0493,class 2,NA
OC220302-SN0494,class 4,NA
OC220302-SN0499,class 1,NA
OC220302-SN0500,class 3,NA
OC220302-SN0501,class 4,NA
OC220302-SN0502,class 3,NA
OC220302-SN0503,class 4,NA
OC220302-SN0504,class 3,NA
OC220302-SN0505,class 3,NA
OC220302-SN0506,class 1,NA
OC220302-SN0508,class 1,NA
OC220302-SN0509,class 3,NA
OC220302-SN0510,class 1,NA
OC220302-SN0511,class 4,NA
OC220302-SN0514,class 3,NA
OC220302-SN0516,class 2,NA
OC220302-SN0517,class 1,NA
OC220302-SN0518,class 2,NA
OC220302-SN0519,class 1,NA
OC220302-SN0520,class 2,NA
OC220302-SN0522,class 4,NA
OC220302-SN0523,class 4,NA
OC220302-SN0524,class 3,NA
OC220302-SN0526,class 4,NA
OC220302-SN0527,class 4,NA
OC220302-SN0528,class 3,NA
OC220302-SN0529,class 4,NA
OC220302-SN0530,class 4,NA
OC220302-SN0531,class 3,NA
OC220302-SN0532,class 1,NA
OC220302-SN0533,class 4,NA
OC220302-SN0534,class 3,NA
OC220302-SN0535,class 3,NA
OC220302-SN0536,class 3,NA
OC220302-SN0537,class 3,NA
OC220302-SN0538,class 3,NA
OC220302-SN0539,class 3,NA
OC220302-SN0540,class 4,NA
OC220302-SN0541,class 3,NA
OC220302-SN0542,class 3,NA
OC220302-SN0543,class 4,NA
OC220302-SN0544,class 4,NA
OC220302-SN0546,class 3,NA
OC220302-SN0547,class 4,NA
OC220302-SN0548,class 4,NA
OC220302-SN0549,class 4,NA
OC220302-SN0551,class 3,NA
OC220302-SN0554,class 3,NA
OC220302-SN0556,class 1,NA
OC220302-SN0557,class 4,NA
OC220302-SN0558,class 3,NA
OC220302-SN0560,class 3,NA
OC220302-SN0561,class 3,NA
OC220302-SN0564,class 1,NA
OC220302-SN0565,class 4,NA
OC220302-SN0566,class 3,NA
OC220302-SN0567,class 4,NA
OC220302-SN0568,class 4,NA
OC220302-SN0569,class 4,NA
OC220302-SN0570,class 3,NA
OC220302-SN0571,class 4,NA
OC220302-SN0572,class 3,NA
OC220302-SN0573,class 4,NA
OC220302-SN0574,class 3,NA
OC220302-SN0576,class 4,NA
OC220302-SN0579,class 3,NA
OC220302-SN0580,class 4,NA
OC220302-SN0583,class 4,NA
OC220302-SN0584,class 3,NA
OC220302-SN0585,class 3,NA
OC220302-SN0587,class 3,NA
OC220302-SN0588,class 4,NA
OC220302-SN0589,class 1,NA
OC220302-SN0590,class 4,NA
OC220302-SN0592,class 3,NA
OC220302-SN0593,class 1,NA
OC220302-SN0594,class 4,NA
OC220302-SN0595,class 3,NA
OC220302-SN0596,class 3,NA
OC220302-SN0597,class 3,NA
OC220302-SN0598,class 4,NA
OC220302-SN0599,class 4,NA
OC220302-SN0600,class 4,NA
OC220302-SN0601,class 4,NA
OC220302-SN0602,class 4,NA
OC220302-SN0604,class 4,NA
OC220302-SN0605,class 3,NA
OC220302-SN0606,class 1,NA
OC220302-SN0607,class 4,NA
OC220302-SN0608,class 3,NA
OC220302-SN0609,class 4,NA
OC220302-SN0610,class 3,NA
OC220302-SN0612,class 3,NA
OC220302-SN0615,class 3,NA
OC220302-SN0616,class 2,NA
OC220302-SN0618,class 3,NA
OC220302-SN0619,class 1,NA
OC220302-SN0620,class 4,NA
OC220302-SN0621,class 1,NA
OC220302-SN0622,class 3,NA
OC220302-SN0623,class 3,NA
OC220302-SN0624,class 3,NA
OC220302-SN0625,class 3,NA
OC220302-SN0626,class 3,NA
OC220302-SN0627,class 4,NA
OC220302-SN0628,class 3,NA
OC220302-SN0632,class 3,NA
OC220302-SN0633,class 3,NA
OC220302-SN0634,class 2,NA
OC220302-SN0637,class 4,NA
OC220302-SN0638,class 3,NA
OC220302-SN0639,class 4,NA
OC220302-SN0640,class 3,NA
OC220302-SN0642,class 3,NA
OC220302-SN0643,class 4,NA
OC220302-SN0644,class 3,NA
OC220302-SN0646,class 3,NA
OC220302-SN0647,class 3,NA
OC220302-SN0648,class 4,NA
OC220302-SN0649,class 3,NA
OC220302-SN0652,class 4,NA
OC220302-SN0656,class 3,NA
OC220302-SN0657,class 1,NA
OC220302-SN0658,class 3,NA
OC220302-SN0660,class 3,NA
OC220302-SN0665,class 3,NA
OC220302-SN0666,class 3,NA
OC220302-SN0668,class 4,NA
OC220302-SN0669,class 3,NA
OC220302-SN0670,class 3,NA
OC220302-SN0671,class 3,NA
OC220302-SN0674,class 3,NA
OC220302-SN0677,class 3,NA
OC220302-SN0678,class 3,NA
OC220302-SN0679,class 3,NA
OC220302-SN0681,class 3,NA
OC220302-SN0682,class 3,NA
OC220302-SN0684,class 3,NA
OC220302-SN0685,class 3,NA
OC220302-SN0690,class 3,NA
OC220302-SN0691,class 3,NA
OC220302-SN0692,class 3,NA
OC220302-SN0694,class 3,NA
OC220302-SN0695,class 3,NA
OC220302-SN0698,class 3,NA
OC220302-SN0700,class 3,NA
OC220302-SN0701,class 3,NA
OC220302-SN0702,class 3,NA
OC220302-SN0703,class 3,NA
OC220302-SN0705,class 3,NA
OC220302-SN0708,class 3,NA
OC220302-SN0709,class 3,NA
OC220302-SN0712,class 3,NA
OC220302-SN0716,class 3,NA
OC220302-SN0718,class 3,NA
OC220302-SN0719,class 3,NA
OC220302-SN0722,class 3,NA
OC220302-SN0723,class 3,NA
OC220302-SN0724,class 3,NA
OC220302-SN0727,class 3,NA
OC220302-SN0732,class 3,NA
P17,class 2,NA
P2B-1A10,class 1,A
P2B-2F6,class 3/class 2,D1
P2C-1A3,class 2,C
P2C-1F11,class 1,NA
P4A1,class 1,A
P5A-2G9,class 1,A
P5A-3A1,class 1,A
REGN10933,class 1,NA
REGN10987,class 3,NA
S2A4,NA,F2
S2D106,class 2,NA
S2E12,class 1,B
S2H13,class 2,C
S2H14,class 1/class 4,F3
S2H58,class 2,NA
S2H97,class 4/class 3,E3
S2M11,class 2,C
S2X16,class 2,NA
S2X227,class 3,NA
S2X259,class 4,F2
S2X35,class 4,F3
S2X58,class 2,NA
S304,class 4,F1
S309,class 3,E1
TAU-1109,NA,E2.2
TAU-1115,NA,E2.2
TAU-2189,NA,D1
TAU-2220,NA,E2.1
TAU-2230,class 3,D1
TAU-2310,class 3,E3
WIBP-2B11,class 1,A
XG-017,NA,A
XG2v-004,NA,E3
XG2v-006,class 3,E2.2
XG2v-032,NA,F2
XG2v-033,NA,F2
XG2v-039,class 1,A
XG2v-045,class 2,C
XG2v-052,class 3,D1
XG2v-070,class 3,E2.1
XG2v-083,class 3,D1
XG2v-095,class 1,B
XG2v-098,class 1,A
XG2v-126,class 1,B
XGv-001,class 4,F1
XGv-003,class 2,C
XGv-008,NA,E2.2
XGv-010,class 3,D1
XGv-011,class 3,E2.1
XGv-013,class 1,A
XGv-014,class 3,E3
XGv-016,class 3,D2
XGv-017,class 1,A
XGv-018,class 4,F1
XGv-023,class 4,F1
XGv-024,class 4,F1
XGv-030,class 3,E2.2
XGv-032,class 4,F2
XGv-038,class 3,E2.2
XGv-039,NA,F1
XGv-040,class 1,A
XGv-047,class 3,D1
XGv-049,class 4,F1
XGv-050,class 1,B
XGv-051,class 2,C
XGv-052,class 2,C
XGv-053,NA,F2
XGv-055,class 2,C
XGv-056,NA,F2
XGv-057,NA,F2
XGv-072,class 3,E2.2
XGv-073,class 4,F1
XGv-074,class 3,D2
XGv-080,NA,E2.2
XGv-094,class 3,E2.1
XGv-097,class 2,C
XGv-101,NA,E2.2
XGv-105,NA,F2
XGv-107,class 3,D2
XGv-116,class 4,F3
XGv-124,NA,F1
XGv-152,class 2,C
XGv-155,class 2,C
XGv-157,class 4,F2
XGv-158,class 4,F2
XGv-159,class 4,F2
XGv-172,class 2,C
XGv-174,class 3,E2.1
XGv-175,class 3,E2.1
XGv-177,class 1,A
XGv-179,class 3,E3
XGv-19,class 4,F1
XGv-191,class 3,D1
XGv-198,class 3,E2.2
XGv-199,class 3,E2.1
XGv-20,class 3,E2.2
XGv-208,class 1,A
XGv-212,class 3,E2.2
XGv-214,class 3,E2.1
XGv-225,class 1,A
XGv-227,class 3,E2.1
XGv-232,class 2,C
XGv-233,class 3,E2.1
XGv-235,class 3,E3
XGv-236,class 4,F2
XGv-250,class 3,D1
XGv-251,class 3,E2.2
XGv-252,class 4,F1
XGv-253,class 1,B
XGv-261,class 1,A
XGv-263,class 3,D1
XGv-264,class 3,D2
XGv-265,class 3,D2
XGv-266,class 3,D2
XGv-271,NA,E2.2
XGv-279,class 1,B
XGv-282,class 3,D2
XGv-284,class 3,E2.1
XGv-285,class 3,D2
XGv-286,class 3,D2
XGv-287,class 3,D2
XGv-288,class 3,D2
XGv-289,class 3,D2
XGv-290,class 3,D2
XGv-291,class 3,D2
XGv-292,class 3,D2
XGv-293,class 3,D2
XGv-294,class 3,D2
XGv-295,class 3,D2
XGv-296,class 3,D2
XGv-297,class 3,D2
XGv-298,class 1,A
XGv-300,class 1,A
XGv-301,class 1,A
XGv-304,class 1,A
XGv-305,class 4,F1
XGv-306,class 4,F1
XGv-311,class 4,F1
XGv-318,class 4,F1
XGv-324,class 2,C
XGv-337,class 2,C
XGv-343,class 2,C
XGv-345,class 3,D1
XGv-346,class 3,E2.1
XGv-347,class 1,B
XGv-355,class 3,E3
XGv-360,class 4,F3
XGv-380,class 3,E2.2
XGv-387,class 1,A
XGv-390,class 4,NA
XGv-401,class 3,E3
XGv-402,class 1,B
XGv-404,class 1,A
XGv-405,class 1,A
XGv-409,class 1,B
XGv-412,NA,E1
XGv-416,class 4,F2
XGv-418,class 3,E3
XGv-420,class 3,D1
XGv-421,class 3,E1
XGv-422,class 3,E3
